id,concept,on_lists,udb_param,udb_relationship,james_name,james_domain,james_source,ishaan_name,ishaan_domain,ishaan_source,ishaan_class,match_basis,review_status,confidence,notes_errors,james_section,james_chapter,james_granularity,james_reg_name,james_field_name,james_long_name,james_description,james_type,james_width,james_range,james_array,james_func_of_field,james_note
P001,How many exponent bits (0..4) are implemented in CCE,both,,,CTR_CCOUNTER_IMPL,[0..4],CTR_CCOUNTER_IMPL,CTR_CCE_WIDTH,integer [0..4] exponent bits,norm:ctr_ccounter_impl smctr.adoc:654,NORM_DIRECT,tag,expert-confirmed (Allen Baum + Umer),,,parameter_definitions,SmCtr (Ctrl Xfer Records),n/a,,,CTR_CCOUNTER_IMPL-TBD,Implementation can support 0 to 4 exponent bits,,,"0, 4",,,
P002,Whether ctrdata includes a cycle count since the prior CTR record,both,,,CTRDATA_CC_SUPPORTED,"{true, false}",CTRDATA_CC_SUPPORTED,CTR_CYCLE_COUNTING_SUPPORTED,"{true, false}",norm:ctrdata_cc_supported smctr.adoc:636,NORM_DIRECT,tag,expert-confirmed (Allen Baum + Umer),,,parameter_definitions,SmCtr (Ctrl Xfer Records),n/a,,,CTRDATA_CC_SUPPORTED-TBD,ctrdata register may optionally include a count of CPU cycles,boolean,,,,,
P003,Which medeleg/mideleg bits are delegatable (writable vs read-only 0),both,,,"medeleg, mideleg",per bit: constant mask,MEDELEG_WARL | MIDELEG_WARL; MIDELEG_RD1_LOWER_LEVEL,DELEGATABLE_EXCEPTIONS,"per bit: {true, false}",norm:medeleg_mideleg_warl machine.adoc:1262,NORM_CSR_WARL,concept,expert-confirmed (Allen Baum + Umer),,"He records the delegatable-bit mask once per register (`MEDELEG_WARL`, `MIDELEG_WARL`); ours is the single statement covering both. Anchor `norm:medeleg_mideleg_warl` has no normative rule entry. His `medeleg` cites impl-def MEDELEG_WARL with no matching normative rule in the pinned manual, so its spec text could not be checked.",csr_definitions,Machine Mode,register-level,medeleg | mideleg,,,,ConstMask,,,,,
P004,Whether a HINT with XLEN < SXLEN overwrites dest-register bits SXLEN..XLEN,both,,,HINT_SXLEN,"{AlwaysUnchanged, AlwaysOverwritten, Other}",HINT_SXLEN,HINT_SXLEN_DEST_REG_BEHAVIOR,"{true, false}",norm:hint_sxlen supervisor.adoc:163,NORM_DIRECT,tag,expert-confirmed (Allen Baum + Umer),,,parameter_definitions,Supervisor Mode,n/a,,,HINT_SXLEN-TBD,Bits SXLEN..XLEN of the destination register can be unchanged or overwritten for some HINT instructions that are encoded as integer computational instructions that overwrite their destination register with its current value. [%autowidth] !=== ! Value ! Definition ! AlwaysUnchanged ! Implementation always leaves bits SXLEN..XLEN of the destination register unchanged ! AlwaysOverwritten ! Implementation always overwrites bits SXLEN..XLEN of the destination register ! Other ! Sometimes implementation leaves bits SXLEN..XLEN unchanged and sometimes overwrites them !===,"AlwaysUnchanged, AlwaysOverwritten, Other",,,,,
P005,Whether a HINT with XLEN < MXLEN overwrites dest-register bits MXLEN..XLEN,both,,,XLEN_REDUCTION_HINT_OP,"{true, false}",XLEN_REDUCTION_HINT_OP,HINT_XLEN_REDUCTION_BEHAVIOR,"{true, false}",norm:xlen_reduction_hint_op1 machine.adoc:573,NORM_DIRECT,tag,expert-confirmed (Allen Baum + Umer),,,parameter_definitions,Machine Mode,n/a,,,XLEN_REDUCTION_HINT_OP-TBD,,boolean,,,,,
P006,Whether hip bit i is writable when sie bit i is read-only zero,both,,,hip,TBD,HIP_WARL,HIP_BIT_WRITABLE,"per bit: {read-write, read-only-0}",norm:hip_acc hypervisor.adoc:533,NORM_CSR_RW,concept,expert-confirmed (Allen Baum + Umer),,His `hip` entry is a register-level WARL umbrella (`HIP_WARL`); ours is the per-bit rule conditioned on `sie` bit i being read-only zero. Rule for `norm:hip_acc` is not marked `impl-def-behavior: true` in the manual.,csr_definitions,H Extension,register-level,hip,,,,Other,,,,,
P007,Whether accessing an unimplemented counter traps or returns a constant,both,,,HPM_READ_BEHAVIOR,"{AlwaysValue, AlwaysIllegalInstExc, Other}",HPM_PLATFORM_SPECIFIC_IMPL; HPM_UNIMPLEMENTED_COUNTER_ACCESS,HPM_UNIMPLEMENTED_ACCESS_BEHAVIOR,"{raise illegal-instruction exception, return a constant value}",norm:hpm_unimplemented_counter_access counters.adoc:24,NORM_DIRECT,tag,expert-confirmed (Allen Baum + Umer),,,parameter_definitions,Counters,n/a,,,Performance Counter Read Behavior,Defines the behavior when a particular HPM counter is read. [%autowidth] !=== ! Value ! Definition ! AlwaysValue ! Implementation always returns some value when read ! AlwaysIllegalInstExc ! Implementation always raises an illegal instruction exception when read ! Other ! Sometimes implementation returns a value or raises an illegal instruction exception !===,"AlwaysValue, AlwaysIllegalInstExc, Other",,,"3, 31",,
P008,Which 2-bit-shifted guest physical addresses htval can hold,both,,,htval,TBD,HTVAL_WARL,HTVAL_LEGAL_VALUES,{0} plus an implementation-chosen subset of 2-bit-shifted guest physical addresses,norm:htval_val hypervisor.adoc:957,NORM_CSR_WARL,tag,expert-confirmed (Allen Baum + Umer),,,csr_definitions,H Extension,register-level,htval,,,,Other,,,,,
P009,Whether mcycle (and mcountinhibit.CY) is shared between harts on a core,both,,,MCYCLE_SHARED,"{true, false}",MCYCLE_SHARED,MCYCLE_SHARED,"{true, false}",norm:mcountinhibit_cy_shared machine.adoc:1633,NORM_DIRECT,concept,expert-confirmed (Allen Baum + Umer),,"The manual states mcycle sharing as two rules: `norm:mcycle_shared` (writes to `mcycle` become visible to the sharing harts) and `norm:mcountinhibit_cy_shared` (the `mcountinhibit.CY` field is shared too). Ours is the second, his cites the first. Same mechanism, different aspect of it. Rule for `norm:mcountinhibit_cy_shared` is not marked `impl-def-behavior: true` in the manual.",parameter_definitions,Machine Mode,n/a,,,MCYCLE_SHARED-TBD,"Is the mcycle CSR shared between harts on the same core, in which case writes to mcycle will be visible to those harts.",boolean,,,,,
P010,Whether menvcfg.FIOM is read-only zero when S-mode is absent or satp.MODE is read-only zero,both,,,MENVCFG_FIOM_RDONLY0_OK,"{true, false}",MENVCFG_FIOM_RDONLY0_OK,MENVCFG_FIOM_READONLY,"{read-write, read-only-0}",norm:menvcfg_fiom_rdonly0_ok machine.adoc:2150,NORM_CSR_RW,tag,expert-confirmed (Allen Baum + Umer),,,parameter_definitions,Machine Mode,n/a,,,MENVCFG_FIOM_RDONLY0_OK-TBD,,boolean,,,,,
P011,Which mip bits are writable vs read-only,both,,,mip,per bit: constant mask,MIP_WARL; MIP_BITS_WR_OR_RDONLY,MIP_WRITABLE_BITS,"per bit: {read-write, read-only-0}",norm:mip_bits_wr_or_rdonly machine.adoc:1365,NORM_CSR_RW,tag,expert-confirmed (Allen Baum + Umer),,,csr_definitions,Machine Mode,register-level,mip,,,,ConstMask,,,,,
P012,Whether an invalid address is converted before being written to mnepc,both,,,mnepc,TBD,MNEPC_WARL,MNEPC_INVALID_ADDRESS_CONVERSION,"{true, false}",norm:mnepc_invalid_convert rnmi.adoc:64,NORM_DIRECT,concept,expert-confirmed (Allen Baum + Umer),,His `mnepc` entry is register-level WARL (`MNEPC_WARL`); ours is specifically the invalid-address conversion. Rule for `norm:mnepc_invalid_convert` is not marked `impl-def-behavior: true` in the manual.,csr_definitions,Smrnmi Extension for Resumable Non-Maskable Interrupts,register-level,mnepc,,,,Other,,,,,
P013,Which 2-bit-shifted guest physical addresses mtval2 can hold,both,,,mtval2,TBD,MTVAL2_WARL,MTVAL2_LEGAL_VALUES,{0} plus an implementation-chosen subset of 2-bit-shifted guest physical addresses,norm:mtval2_val hypervisor.adoc:1848,NORM_CSR_WARL,tag,expert-confirmed (Allen Baum + Umer),,,csr_definitions,H Extension,register-level,mtval2,,,,Other,,,,,
P014,The size of the naturally aligned power-of-2 region for idempotent implicit reads,both,,,PMA_IDP_IMPLICIT_SZ,"{true, false}",PMA_IDP_IMPLICIT_SZ,PMA_IDEMPOTENT_IMPLICIT_READ_SIZE,"power-of-2 bytes, not exceeding the smallest supported page size",norm:pma_idp_implicit_sz machine.adoc:3294,NORM_DIRECT,tag,expert-confirmed (Allen Baum + Umer),,"Domain disagreement: ours is a power-of-2 byte size, his is typed `boolean`.",parameter_definitions,Machine Mode,n/a,,,PMA_IDP_IMPLICIT_SZ-TBD,,boolean,,,,,
P015,Which physical address bits are implemented in pmpaddr,both,,,pmpaddrN,per bit: constant mask,PMPADDR_WARL,PMPADDR_WARL_MASK,"per bit: {true, false}",norm:pmp_addr_warl machine.adoc:3377,NORM_CSR_WARL,tag,expert-confirmed (Allen Baum + Umer),,,csr_definitions,Machine Mode,register-level,pmpaddrN,,,There are up to 64 PMP address registers (N=0 to 63) with the same WARL behavior.,ConstMask,,,,,
P016,Which sctrdepth DEPTH values are supported,both,,,SCTRDEPTH_DEPTH,[0..4],SCTRDEPTH_DEPTH,SCTRDEPTH_SUPPORTED_VALUES,"non-empty subset of {0,1,2,3,4} = {16,32,64,128,256} entries",norm:sctrdepth_depth smctr.adoc:215,NORM_CSR_WARL,tag,expert-confirmed (Allen Baum + Umer),,,parameter_definitions,SmCtr (Ctrl Xfer Records),n/a,,,SCTRDEPTH_DEPTH-TBD,"Depth of the control transfer record buffer, in entries. [%autowidth] !=== ! Value ! Definition ! 0 ! 16 entries ! 1 ! 32 entries ! 2 ! 64 entries ! 3 ! 128 entries ! 4 ! 256 entries ! 5-7 ! Reserved !===",,,"0, 4",,,
P017,"Which invalid addresses sepc can hold, and whether writes are converted",both,,,sepc,TBD,SEPC_ACC_INVALID_WARL,SEPC_INVALID_ADDR_BEHAVIOR,"{true, false}",norm:sepc_acc_invalid_addr supervisor.adoc:560,NORM_CSR_WARL,tag,expert-confirmed (Allen Baum + Umer),,,csr_definitions,Supervisor Mode,register-level,sepc,,,,Other,,,,,
P018,Which sip bits are writable vs read-only,both,,,sip,TBD,SIP_WARL,SIP_BITS_ACCESS,"per bit: {read-write, read-only-0}",norm:sip_acc supervisor.adoc:401,NORM_CSR_RW,concept,expert-confirmed (Allen Baum + Umer),,"His `sip` entry is register-level WARL (`SIP_WARL`); ours is the per-bit writable-or-read-only rule. Rule for `norm:sip_acc` is not marked `impl-def-behavior: true` in the manual. His `sip` cites impl-def SIP_WARL with no matching normative rule in the pinned manual, so its spec text could not be checked.",csr_definitions,Supervisor Mode,register-level,sip,,,,Other,,,,,
P019,"Whether sstatus.UBE is read-only, mirroring S-mode endianness",both,,,sstatus.UBE,TBD,SSTATUS_UBE_WARL,SSTATUS_UBE_ACCESS,"{read-write, read-only-0}",norm:sstatus_ube supervisor.adoc:227,NORM_CSR_RW,tag,expert-confirmed (Allen Baum + Umer),,,csr_definitions,Supervisor Mode,field-level,sstatus,UBE,,,Other,,,,,
P020,"Whether sstatus.UXL is read-only, forcing UXLEN=SXLEN",both,,,sstatus.UXL,TBD,SSTATUS_UXL_WARL,SSTATUS_UXL_ACCESS,"{read-write, read-only-0}",norm:sstatus_uxl_sz supervisor.adoc:143,NORM_CSR_RW,tag,expert-confirmed (Allen Baum + Umer),,,csr_definitions,Supervisor Mode,field-level,sstatus,UXL,,,Other,,,,,
P021,"Which standard interrupt types (SEI/STI/SSI/LCOFI) are implemented, else pending/enable bits read-only 0",both,,,"SEI_INTR_IMPL, STI_INTR_IMPL, SSI_INTR_IMPL, LCOFI_INTR_IMPL","{true, false}",SEI_INTR_IMPL | STI_INTR_IMPL | SSI_INTR_IMPL | LCOFI_INTR_IMPL,STANDARD_INTERRUPT_SUPPORT,"per bit: {read-write, read-only-0}",norm:std_super_intr_impl supervisor.adoc:465,NORM_CSR_RW,concept,expert-confirmed (Allen Baum + Umer),,"He enumerates one parameter per standard interrupt type; ours is the single umbrella sentence naming all four. Anchor `norm:std_super_intr_impl` has no normative rule entry. His `SEI_INTR_IMPL` cites impl-def SEI_INTR_IMPL with no matching normative rule in the pinned manual, so its spec text could not be checked. His `STI_INTR_IMPL` cites impl-def STI_INTR_IMPL with no matching normative rule in the pinned manual, so its spec text could not be checked. His `SSI_INTR_IMPL` cites impl-def SSI_INTR_IMPL with no matching normative rule in the pinned manual, so its spec text could not be checked. His `LCOFI_INTR_IMPL` cites impl-def LCOFI_INTR_IMPL with no matching normative rule in the pinned manual, so its spec text could not be checked.",parameter_definitions,Supervisor Mode,n/a,,,SEI_INTR_IMPL-TBD | STI_INTR_IMPL-TBD | SSI_INTR_IMPL-TBD | LCOFI_INTR_IMPL-TBD,Is the SEI interrupt implemented? | Is the STI interrupt implemented? | Is the SSI interrupt implemented? | Is the LCOFI interrupt implemented?,boolean,,,,,
P022,Whether vsstatus.UBE is a read-only copy of hstatus.VSBE,both,,,VSSTATUS_UBE,"{true, false}",VSSTATUS_UBE,VSSTATUS_UBE_PARAM,"{read-write, read-only-0}",norm:vsstatus_ube hypervisor.adoc:1224,NORM_CSR_RW,tag,expert-confirmed (Allen Baum + Umer),,,parameter_definitions,H Extension,n/a,,,VSSTATUS_UBE-TBD,Is the `vstatus.UBE` a read-only copy of `hstatus.VSBE`? [%autowidth] !=== ! Value ! Definition ! False ! Not a read-only copy of `hstatus.VSBE` ! True ! Is a read-only copy of `hstatus.VSBE` !===,boolean,,,,,
P023,"Whether hstatus.VSXL is read-only, forcing VSXLEN=HSXLEN",both,,,hstatus.VSXL,per bit: constant mask,HSTATUS_VSXL_64_WARL; VSXL_RO,VSXL_RO_PARAM,"{read-write, read-only-0}",norm:vsxl_ro hypervisor.adoc:227,NORM_CSR_RW,tag,expert-confirmed (Allen Baum + Umer),,,csr_definitions,H Extension,field-level,hstatus,VSXL,,,ConstMask,,,,,
P024,Whether WFI always raises a virtual-instruction exception in VS-mode when VTW=1,both,,,VTW_VIRTINSTR,"{true, false}",VTW_VIRTINSTR,VTW_VIRTINSTR_PARAM,"{true, false}",norm:vtw_virtinstr hypervisor.adoc:245,NORM_DIRECT,tag,expert-confirmed (Allen Baum + Umer),,,parameter_definitions,H Extension,n/a,,,VTW_VIRTINSTR-TBD,,boolean,,,,,
P025,Whether WFI always raises an illegal-instruction exception below M-mode when TW=1,both,,,MSTATUS_TW_ALWAYS_ILLEGAL,"{true, false}",MSTATUS_TW_ALWAYS_ILLEGAL,WFI_TW_ALWAYS_ILLEGAL,"{true, false}",norm:mstatus_tw_always_illegal machine.adoc:758,NORM_DIRECT,tag,expert-confirmed (Allen Baum + Umer),,,parameter_definitions,Machine Mode,n/a,,,MSTATUS_TW_ALWAYS_ILLEGAL-TBD,"Does the implementation have WFI always raise an illegal-instruction exception in modes less privileged than M when TW=1, even if there are pending globally-disabled interrupts when the instruction is executed?",boolean,,,,,
P026,Whether xRET clears an outstanding LR reservation,both,,,"MRET_CLR_LR_RESV, SRET_CLR_LR_RESV","{true, false}",MRET_CLR_LR_RESV | SRET_CLR_LR_RESV,XRET_CLEARS_LR_RESERVATION,"{true, false}",norm:xret_clr_lr_resv machine.adoc:2665,NORM_DIRECT,concept,expert-confirmed (Allen Baum + Umer),,"He splits the `__x__RET` rule into MRET and SRET variants. Anchor `norm:xret_clr_lr_resv` has no normative rule entry. His `MRET_CLR_LR_RESV` cites impl-def MRET_CLR_LR_RESV with no matching normative rule in the pinned manual, so its spec text could not be checked. His `SRET_CLR_LR_RESV` cites impl-def SRET_CLR_LR_RESV with no matching normative rule in the pinned manual, so its spec text could not be checked.",parameter_definitions,Machine Mode,n/a,,,MRET_CLR_LR_RESV-TBD | SRET_CLR_LR_RESV-TBD,,boolean,,,,,
P027,"Whether ctrtarget.MISP is implemented, else read-only 0",both (arguable),,,ctrtarget,TBD,CTRTARGET_WARL,CTRTARGET_MISP_IMPLEMENTED,"{read-write, read-only-0}",norm:ctrtarget_misp smctr.adoc:319,NORM_CSR_RW,arguable,expert-confirmed (Allen Baum + Umer),,"MISP is verified to be a field of `ctrtarget` (section at smctr.adoc:314, bitfield at :331), so the register is right. But his entry is a register-level WARL umbrella and says nothing about the optional MISP bit being read-only 0 when unimplemented. Rule for `norm:ctrtarget_misp` is not marked `impl-def-behavior: true` in the manual.",csr_definitions,SmCtr (Ctrl Xfer Records),register-level,ctrtarget,,,,Other,,,,,
P028,Whether a misconfigured HPM counter returns a constant value,both (arguable),,,HPM_READ_BEHAVIOR,"{AlwaysValue, AlwaysIllegalInstExc, Other}",HPM_PLATFORM_SPECIFIC_IMPL; HPM_UNIMPLEMENTED_COUNTER_ACCESS,HPM_MISCONFIGURED_BEHAVIOR,"{true, false}",norm:hpm_misconfigured_event_behavior counters.adoc:26,NORM_DIRECT,arguable,expert-confirmed (Allen Baum + Umer),,"His `HPM_READ_BEHAVIOR` draws on `HPM_PLATFORM_SPECIFIC_IMPL` and `HPM_UNIMPLEMENTED_COUNTER_ACCESS`. Ours is misconfigured *event selection*, which is a different axis from counter read access; whether his entry is meant to span it is unclear. Rule for `norm:hpm_misconfigured_event_behavior` is not marked `impl-def-behavior: true` in the manual.",parameter_definitions,Counters,n/a,,,Performance Counter Read Behavior,Defines the behavior when a particular HPM counter is read. [%autowidth] !=== ! Value ! Definition ! AlwaysValue ! Implementation always returns some value when read ! AlwaysIllegalInstExc ! Implementation always raises an illegal instruction exception when read ! Other ! Sometimes implementation returns a value or raises an illegal instruction exception !===,"AlwaysValue, AlwaysIllegalInstExc, Other",,,"3, 31",,
P029,Whether mstateen bit 63 is read-only zero (conditional on H absent and sstateen all read-only zero),both (arguable),,,mstateen0/mstateen1/mstateen2/mstateen3,per bit: constant mask,STATEEN_WARL_ACCESS,MSTATEEN_BIT63_TYPE,"{read-write, read-only-0}",norm:mstateen_bit_63_roz smstateen.adoc:178,NORM_CSR_RW,arguable,expert-confirmed (Allen Baum + Umer),,"He has one `ConstMask` entry covering all four `mstateen` registers, which arguably subsumes bit 63; it does not carry the condition (hypervisor absent and matching `sstateen` all read-only zero) that makes ours specific. Resolved in review: The mentor asked whether this is genuinely new ('seems to have a tag -- not in UDB?'). Answered: it is new. The spec tag does exist ([#norm:mstateen-bit-63_roz], smstateen.adoc:175), but UDB defines only six MSTATEEN_*_TYPE parameters (ENVCFG/IMSIC/AIA/CONTEXT/CSRIND/JVT) and none for bit 63. Tagged in the spec does not mean present in UDB. Rule for `norm:mstateen_bit_63_roz` is not marked `impl-def-behavior: true` in the manual.",csr_definitions,State Enable Extension,register-level,mstateen0/mstateen1/mstateen2/mstateen3,,,,ConstMask,,,,,
P030,Whether the misaligned atomicity granule PMA relaxes the Zalasr alignment requirement,both (arguable),MISALIGNED_MAX_ATOMICITY_GRANULE_SIZE,flagged-overlap,"PMA_MAG_OP_LDST, PMA_MAG_EXC","{true, false}",PMA_MAG_OP_LDST | PMA_MAG_EXC,ZALASR_MISALIGNED_ATOMICITY_GRANULE,"{true, false}",norm:zalasr_misaligned_pma_relax zalasr.adoc:27,NORM_DIRECT,arguable,"flagged, needs ruling",,"He has misaligned-atomicity-granule PMA parameters in `machine.yaml`. Ours is the Zalasr-specific relaxation referring to that same PMA. Already flagged separately as overlapping UDB's `MISALIGNED_MAX_ATOMICITY_GRANULE_SIZE`. Overlaps existing UDB MISALIGNED_MAX_ATOMICITY_GRANULE_SIZE. The Zalasr sentence points at the misaligned-atomicity-granule PMA rather than defining it, which reads like the 'clarification referencing a parameter defined elsewhere' exclusion. Needs a ruling. Rule for `norm:zalasr_misaligned_pma_relax` is not marked `impl-def-behavior: true` in the manual.",parameter_definitions,Machine Mode,n/a,,,PMA_MAG_OP_LDST-TBD | PMA_MAG_EXC-TBD,,boolean,,,,,
P031,"Which CSRs, if any, the platform defines as strongly ordered",ishaan,,,,,,CSR_STRONGLY_ORDERED,subset of the implemented CSRs (possibly empty),norm:csr_strongly_ordered zicsr.adoc:244,NORM_DIRECT,n/a,expert-confirmed (Allen Baum + Umer),,Rule for `norm:csr_strongly_ordered` is not marked `impl-def-behavior: true` in the manual.,,,,,,,,,,,,,
P032,"Which fields of ctrdata are implemented, else read-only 0",ishaan,,,,,,CTR_CTRDATA_TYPE_IMPLEMENTED,"{read-write, read-only-0}",norm:ctrdata_sz_acc smctr.adoc:339,NORM_CSR_RW,n/a,expert-confirmed (Allen Baum + Umer),,Nearest entry of his: He has `ctrsource` and `ctrtarget` as WARL registers but no `ctrdata` register entry at all; his only `ctrdata` reference is the cycle-count field. Gap in his own CSR coverage. Rule for `norm:ctrdata_sz_acc` is not marked `impl-def-behavior: true` in the manual.,,,,,,,,,,,,,
P033,Whether hgatp.PPN[1:0] are read-only zero,ishaan,,,,,,HGATP_PPN_LOWER_BITS_RO,"{read-write, read-only-0}",norm:hgatp_ppn_op hypervisor.adoc:1083,NORM_CSR_RW,n/a,expert-confirmed (Allen Baum + Umer),,Rule for `norm:hgatp_ppn_op` is not marked `impl-def-behavior: true` in the manual.,,,,,,,,,,,,,
P034,"Whether mseccfg [s,u]seed are writable or a read-only constant 0",ishaan,,,,,,MSECCFG_SEED_BITS_RW,"{read-write, read-only-0}",(untagged) scalar-crypto.adoc:3794,NORM_CSR_RW,n/a,expert-confirmed (Allen Baum + Umer),,"Nearest entry of his: He has `MSECCFG_USEED_SSEED_RST`, which is the *reset value* of the seed bits. Ours is whether they are writable or a read-only constant zero -- a different axis. Sail treats these as two settings too (`Zkr.sseed_reset_value` vs `Zkr.sseed_read_only_zero`). No `[#norm:]` anchor in the manual for this text.",,,,,,,,,,,,,
P035,Whether senvcfg.FIOM is read-only zero when satp.MODE is read-only zero,ishaan,,,,,,SENVCFG_FIOM_ACCESS,"{read-write, read-only-0}",norm:senvcfg_fiom_acc supervisor.adoc:841,NORM_CSR_RW,n/a,expert-confirmed (Allen Baum + Umer),,"Nearest entry of his: He has the M-mode sibling `MENVCFG_FIOM_RDONLY0_OK` but not the S-mode one; his only `senvcfg` entry is CBIE. Textbook per-CSR replication gap. Note Jordan's mapping shows UDB has no FIOM writability parameter either, while Sail does (`base.writable_fiom`), so this is a gap in two of the three lists. Rule for `norm:senvcfg_fiom_acc` is not marked `impl-def-behavior: true` in the manual.",,,,,,,,,,,,,
P036,The supported value range of siselect (0..0xFFF minimum),ishaan,,,,,,SISELECT_WIDTH,"supported range 0..N, N >= 0xFFF",norm:siselect_min_range indirect-csr.adoc:148,NORM_CSR_WARL,n/a,expert-confirmed (Allen Baum + Umer),,Nearest entry of his: He has the `miselect` sibling but not `siselect`. Rule for `norm:siselect_min_range` is not marked `impl-def-behavior: true` in the manual.,,,,,,,,,,,,,
P037,Whether an implicit state update blocked by a stateen CSR raises an illegal-instruction exception,ishaan,,,,,,STATEEN_IMPLICIT_UPDATE_EXCEPTION,"{true, false}",norm:stateen_implicit_state_update smstateen.adoc:101,NORM_DIRECT,n/a,expert-confirmed (Allen Baum + Umer),,Rule for `norm:stateen_implicit_state_update` is not marked `impl-def-behavior: true` in the manual.,,,,,,,,,,,,,
P038,The supported value range of vsiselect (0..0xFFF minimum),ishaan,,,,,,VSISELECT_WIDTH,"supported range 0..N, N >= 0xFFF",norm:vsiselect_min_range indirect-csr.adoc:239,NORM_CSR_WARL,n/a,expert-confirmed (Allen Baum + Umer),,Nearest entry of his: He has the `miselect` sibling but not `vsiselect`. Rule for `norm:vsiselect_min_range` is not marked `impl-def-behavior: true` in the manual.,,,,,,,,,,,,,
P039,"When a critical error is detected, what does the implementation do?",james,,,CRITICAL_ERROR,"{ResetHart, ResetPlatform, Other}",CRITICAL_ERROR,,,,,n/a,unreviewed (his individual draft),,UDB check: Critical-error signalling behaviour. UDB has no equivalent. Flagged by our INCLUSION_CRITERIA rule 1 on `CRITICAL_ERROR`: tagged text sits in a NOTE/TIP/WARNING block.,parameter_definitions,Machine Mode,n/a,,,CRITICAL_ERROR-TBD,"When a critical error is detected, what does the implementation do? [%autowidth] !=== ! Value ! Definition ! ResetHart ! The implementation resets the current hart ! ResetPlatform ! The implementation resets all the harts in the entire platform ! Other ! The implementation takes some other action !===","ResetHart, ResetPlatform, Other",,,,,
P040,HS-mode XLEN.,james,SXLEN,partial,HSXLEN,"{32, 64}",HSXLEN,,,,,n/a,unreviewed (his individual draft),,"UDB check: UDB models SXLEN, and separately VSXLEN/VUXLEN, without a distinct HSXLEN.",parameter_definitions,H Extension,n/a,,,Effective XLEN in HS-mode,,"32, 64",,,,,
P041,Can interrupts be taken during the execution of a push/pop instruction?,james,,,INTERRUPTS_ALLOWED_IN_PUSHPOP,"{true, false}",INTERRUPTS_ALLOWED_IN_PUSHPOP,,,,,n/a,unreviewed (his individual draft),,"UDB check: Whether interrupts may be taken during Zcmp push/pop sequences. UDB has no equivalent. Our pipeline found this and held it back under rule 1, because the sentence sits in a NOTE block. He includes it. Flagged by our INCLUSION_CRITERIA rule 1 on `INTERRUPTS_ALLOWED_IN_PUSHPOP`: tagged text sits in a NOTE/TIP/WARNING block.",parameter_definitions,Zc Extension,n/a,,,INTERRUPTS_ALLOWED_IN_PUSHPOP-TBD,Can interrupts be taken during the execution of a push/pop instruction?,boolean,,,,,
P042,Whether the mcause reset value may alias a defined cause.,james,,,MCAUSE_RST_ALIAS_OK,"{true, false}",MCAUSE_RST_ALIAS_OK,,,,,n/a,unreviewed (his individual draft),,UDB check: UDB models no CSR reset values. Flagged by our INCLUSION_CRITERIA rule 1 on `MCAUSE_RST_ALIAS_OK`: tagged text sits in a NOTE/TIP/WARNING block.,parameter_definitions,Machine Mode,n/a,,,MCAUSE_RST_ALIAS_OK-TBD,,boolean,,,,,
P043,Reset value of mcause.,james,,,MCAUSE_RST_VAL,TBD,MCAUSE_RST_VAL,,,,,n/a,unreviewed (his individual draft),,UDB check: UDB models no CSR reset values.,parameter_definitions,Machine Mode,n/a,,,MCAUSE_RST_VAL-TBD,,uint,MXLEN,,,,
P044,`mepc` can hold all valid virtual addresses but not necessarily,james,,,MEPC_INV_ADDR_CONV,"{NoInvAddrConv, Other}",MEPC_INV_ADDR_CONV,,,,,n/a,unreviewed (his individual draft),,UDB check: Invalid-address conversion on writes to mepc. UDB has no such parameter; our MNEPC_INVALID_ADDRESS_CONVERSION is the RNMI sibling.,parameter_definitions,Machine Mode,n/a,,,MEPC_INV_ADDR_CONV-TBD,"`mepc` can hold all valid virtual addresses but not necessarily all invalid virtual addresses. If an implementation needs to convert an invalid address into some other value that `mepc` can hold, how is this done? [%autowidth] !=== ! Value ! Definition ! NoInvAddrConv ! No conversion of invalid virtual addresses is performed ! Other ! Converts invalid virtual addresses in some unknown way !===","NoInvAddrConv, Other",,,,,
P045,mhartid value.,james,,,MHARTID,TBD,HART_ID,,,,,n/a,unreviewed (his individual draft),,UDB check: Jordan records platform.hartid as having no UDB parameter. Arguably platform rather than ISA; flagged rather than assumed.,parameter_definitions,Machine Mode,n/a,,,MHARTID-TBD,,uint,MXLEN,,,,
P046,Type of exception raised by a misaligned integer/float load/store instruction when an implementation,james,MISALIGNED_LDST_EXCEPTION_PRIORITY,partial,MISALIGNED_LDST_EXC_TYPE,"{AlwaysMisalignedExc, AlwaysAccessFaultExc, AccessFaultExcDontEmulate, Other}",MISALIGNED_LDST_EXC_TYPE,,,,,n/a,unreviewed (his individual draft),,"UDB check: Related but not identical: his is which exception type, UDB's is priority.",parameter_definitions,RV32I Base ISA,n/a,,,MISALIGNED_LDST_EXC_TYPE-TBD,"Type of exception raised by a misaligned integer/float load/store instruction when an implementation raises an exception due to misalignment. [%autowidth] !=== ! Value ! Definition ! AlwaysMisalignedExc ! Implementation always raises a misaligned exception ! AlwaysAccessFaultExc ! Implementation always raises an access fault exception ! AccessFaultExcDontEmulate ! For a memory access that would otherwise be able to complete except for the misalignment, an access-fault exception is raised instead of an address-misaligned exception if the misaligned access should not be emulated by software, e.g., if accesses to the memory region have side effects. ! Other ! Sometimes implementation raises a misaligned exception and sometimes raises an access fault exception !===","AlwaysMisalignedExc, AlwaysAccessFaultExc, AccessFaultExcDontEmulate, Other",,,,,Need specific conditions for when access shouldn't be emulated for AccessFaultExcDontEmulate.
P047,Reset value of mseccfg MML/MMWP/RLB.,james,,,MSECCFG_MML_MMWP_RLB_RST,"{true, false}",MSECCFG_MML_MMWP_RLB_RST,,,,,n/a,unreviewed (his individual draft),,UDB check: UDB models no CSR reset values.,parameter_definitions,Machine Mode,n/a,,,MSECCFG_MML_MMWP_RLB_RST-TBD,,boolean,,,,,
P048,Reset value of the seed bits.,james,,,MSECCFG_USEED_SSEED_RST,"{true, false}",MSECCFG_USEED_SSEED_RST,,,,,n/a,unreviewed (his individual draft),,UDB check: Sail has Zkr.sseed_reset_value/useed_reset_value; Jordan records UDB as having neither.,parameter_definitions,Machine Mode,n/a,,,MSECCFG_USEED_SSEED_RST-TBD,,boolean,,,,,
P049,Maximum time in cycles for a store to memory-mapped register `msip` to be reflected in `mip.MSIP`.,james,,,MSIP_UPDATE_MAX_TIME,TBD,MSIP_UPDATE_MAX_TIME,,,,,n/a,unreviewed (his individual draft),,OUT OF SCOPE under our criteria: platform integration or no architectural units. Kept for the mentor to rule on. UDB check: A maximum time with no architectural units. Excluded by rule 6 (implementation-defined with no testable units or enumerable options).,parameter_definitions,Machine Mode,n/a,,,MSIP_UPDATE_MAX_TIME-TBD,Maximum time in cycles for a store to memory-mapped register `msip` to be reflected in `mip.MSIP`.,dword,,,,,
P050,"Whether mstatus.FS goes Dirty only on real FP state change, or dirtiness is not tracked at all",james,HW_MSTATUS_FS_DIRTY_UPDATE,partial,MSTATUS_FS_IMPRECISE,"{PreciseDirty, Other}",MSTATUS_FS_IMPRECISE; MSTATUS_FS_NO_DIRTY_TRACK,,,,,n/a,unreviewed (his individual draft),,UDB check: Adjacent aspect of the same FS dirty-tracking behaviour.,parameter_definitions,Machine Mode,n/a,,,MSTATUS_FS_IMPRECISE-TBD,"[%autowidth] !=== ! Value ! Definition ! PreciseDirty ! Only set `mstatus.FS`` to Dirty only when floating-point state is changed ! NoDirtyTracking ! Dirtiness isn't tracked so the only valid FS states are Off and Dirty, and an attempt to set `mstatus.FS` to Initial or Clean causes it to be set to Dirty. ! Other ! Unpredictable behavior !===","PreciseDirty, Other",,,,,
P051,When an instruction explicitly or implicitly writes a floating-point register or the fcsr,james,HW_MSTATUS_FS_DIRTY_UPDATE,partial,MSTATUS_FS_NO_CHANGE_DIRTY,"{true, false}",MSTATUS_FS_NO_CHANGE_DIRTY,,,,,n/a,unreviewed (his individual draft),,UDB check: Adjacent aspect of the same FS dirty-tracking behaviour.,parameter_definitions,Machine Mode,n/a,,,MSTATUS_FS_NO_CHANGE_DIRTY-TBD,"When an instruction explicitly or implicitly writes a floating-point register or the fcsr but does not alter its contents and FS=Initial or FS=Clean, does the implementation transition `mstatus.FS` to Dirty?",boolean,,,,,
P052,Does implementation make `mstatus.SBE` a read-only copy of `mstatus.MBE`?,james,,,MSTATUS_SBE_ROCOPY,"{true, false}",MSTATUS_SBE_ROCOPY,,,,,n/a,unreviewed (his individual draft),,UDB check: mstatus.SBE as a read-only copy of MBE. This is the read-only-mirrors-another-bit WARL shape our own list treats as a parameter (cf. SSTATUS_UBE_ACCESS); UDB models only the endianness value.,parameter_definitions,Machine Mode,n/a,,,MSTATUS_SBE_ROCOPY-TBD,Does implementation make `mstatus.SBE` a read-only copy of `mstatus.MBE`?,boolean,,,,,
P053,If `mstatus.TW`=1 and WFI is executed in any less-privileged mode than M-mode,james,,,MSTATUS_TW_TIME_LIMIT,TBD,MSTATUS_TW_TIME_LIMIT,,,,,n/a,unreviewed (his individual draft),,"OUT OF SCOPE under our criteria: platform integration or no architectural units. Kept for the mentor to rule on. UDB check: The WFI bounded time limit. Excluded by INCLUSION_CRITERIA rule 6, which names ""bounded time limit"" as its literal example of an implementation-defined quantity with no testable units. Flagged by our INCLUSION_CRITERIA rule 6 on `MSTATUS_TW_TIME_LIMIT`: no testable units / 'misconfigured'.",parameter_definitions,Machine Mode,n/a,,,MSTATUS_TW_TIME_LIMIT-TBD,If `mstatus.TW`=1 and WFI is executed in any less-privileged mode than M-mode the WFI instruction causes an illegal-instruction exception if MSTATUS_TW_TIME_LIMIT cycles have passed since the WFI instruction began execution.,int,32,,,,
P054,Does implementation make `mstatus.UBE` a read-only copy of `mstatus.MBE` or `mstatus.SBE`?,james,,,MSTATUS_UBE_ROCOPY,"{ROCopyOfMBE, ROCopyOfSBE, Other}",MSTATUS_UBE_ROCOPY,,,,,n/a,unreviewed (his individual draft),,UDB check: mstatus.UBE as a read-only copy of MBE. Same shape as MSTATUS_SBE_ROCOPY.,parameter_definitions,Machine Mode,n/a,,,MSTATUS_UBE_ROCOPY-TBD,Does implementation make `mstatus.UBE` a read-only copy of `mstatus.MBE` or `mstatus.SBE`? [%autowidth] !=== ! Value ! Definition ! ROCopyOfMBE ! mstatus.UBE` is a read-only copy of `mstatus.MBE` ! ROCopyOfSBE ! mstatus.UBE` is a read-only copy of `mstatus.SBE` ! Other ! mstatus.UBE` is not a read-only copy of either `mstatus.MBE` or `mstatus.SBE` !===,"ROCopyOfMBE, ROCopyOfSBE, Other",,,,,
P055,Does the `mstatus.VS` field exist even if the `misa.V` bit is hardwired to 0?,james,,,MSTATUS_VS_EXISTS,"{true, false}",MSTATUS_VS_EXISTS,,,,,n/a,unreviewed (his individual draft),,UDB check: Whether mstatus.VS exists when misa.V is clear. UDB has the VS-mode sibling VSSTATUS_VS_EXISTS but not the M-mode one.,parameter_definitions,V Extension,n/a,,,MSTATUS_VS_EXISTS-TBD,Does the `mstatus.VS` field exist even if the `misa.V` bit is hardwired to 0?,boolean,,,,,
P056,When an instruction that writes a vector register or vector CSR,james,HW_MSTATUS_VS_DIRTY_UPDATE,partial,MSTATUS_VS_NO_CHANGE_DIRTY,"{true, false}",MSTATUS_VS_NO_CHANGE_DIRTY,,,,,n/a,unreviewed (his individual draft),,UDB check: Adjacent aspect of the same VS dirty-tracking behaviour.,parameter_definitions,Machine Mode,n/a,,,MSTATUS_VS_NO_CHANGE_DIRTY-TBD,"When an instruction that writes a vector register or vector CSR but does not alter its contents and VS=Initial or VS=Clean, does the implementation transition `mstatus.VS` to Dirty?",boolean,,,,,
P057,Whether a software write of Initial or Clean to mstatus.VS is forced to Dirty,james,HW_MSTATUS_VS_DIRTY_UPDATE,partial,MSTATUS_VS_SW_DIRTY_UPDATE,"{DirtyWhenInitOrClean, Other}",MSTATUS_VS_IMPRECISE,,,,,n/a,unreviewed (his individual draft),,UDB check: Adjacent aspect of the same VS dirty-tracking behaviour.,parameter_definitions,Machine Mode,n/a,,,MSTATUS_VS_SW_DIRTY_UPDATE-TBD,[%autowidth] !=== ! Value ! Definition ! DirtyWhenInitOrClean ! Implementation sets `mstatus.VS` to Dirty when software attempts to set VS to Initial or Clean ! Other ! Unpredictable behavior !===,"DirtyWhenInitOrClean, Other",,,,,
P058,Platform timing.,james,,,MTIME_TICK_PERIOD,TBD,MTIME_TICK_PERIOD,,,,,n/a,unreviewed (his individual draft),,"OUT OF SCOPE under our criteria: platform integration or no architectural units. Kept for the mentor to rule on. UDB check: Excluded by rule 4 (NON_ISA, outside ISA scope); Jordan records platform.clock_frequency and instructions_per_tick as having no UDB parameter either.",parameter_definitions,Machine Mode,n/a,,,MTIME_TICK_PERIOD-TBD,,uint,64,,,,
P059,What mtval2 is written with on a guest page fault (zero vs the guest physical address),james,"REPORT_GPA_IN_TVAL_ON_INSTRUCTION_GUEST_PAGE_FAULT, REPORT_GPA_IN_TVAL_ON_LOAD_GUEST_PAGE_FAULT, REPORT_GPA_IN_TVAL_ON_STORE_AMO_GUEST_PAGE_FAULT",partial,MTVAL2_TRAPVAL,"{WrZero, WrGuestPA, Other}",MTVAL2_TRAPVAL,,,,,n/a,unreviewed (his individual draft),,UDB check: UDB splits by faulting operation; his is one entry.,parameter_definitions,H Extension,n/a,,,MTVAL2_TRAPVAL-TBD,Same as HTVAL_GUEST_PAGE_FAULT_TRAPVAL except for `mtval2` and trap into M-mode,"WrZero, WrGuestPA, Other",,,,,
P060,`mtval` can hold all valid virtual addresses but not necessarily,james,,,MTVAL_INV_ADDR_CONV,"{NoInvAddrConv, Other}",MTVAL_INV_ADDR_CONV,,,,,n/a,unreviewed (his individual draft),,UDB check: Invalid-address conversion on writes to mtval. UDB has no such parameter.,parameter_definitions,Machine Mode,n/a,,,MTVAL_INV_ADDR_CONV-TBD,"`mtval` can hold all valid virtual addresses but not necessarily all invalid virtual addresses. If an implementation needs to convert an invalid address into some other value that `mtval` can hold, how is this done? [%autowidth] !=== ! Value ! Definition ! NoInvAddrConv ! No conversion of invalid virtual addresses is performed ! Other ! Converts invalid virtual addresses in some unknown way !===","NoInvAddrConv, Other",,,,,
P061,Specifies on a per-exception code basis whether `mtval` holds an,james,"REPORT_VA_IN_MTVAL_ON_BREAKPOINT, REPORT_ENCODING_IN_MTVAL_ON_ILLEGAL_INSTRUCTION, REPORT_VA_IN_MTVAL_ON_LOAD_PAGE_FAULT",partial,MTVAL_PER_EXC_BEHAVIOR,"{Informative, Zero, Other}",MTVAL_PER_EXC_BEHAVIOR,,,,,n/a,unreviewed (his individual draft),,UDB check: UDB has 14 REPORT_*_IN_MTVAL_ON_* parameters; his is one per-exception umbrella. 1-to-many.,parameter_definitions,Machine Mode,n/a,,,MTVAL_PER_EXC_BEHAVIOR-TBD,"Specifies on a per-exception code basis whether `mtval` holds an ""informative"" value such as the faulting address, sets it to zero, or some other unknown behavior. [%autowidth] !=== ! Value ! Definition ! Informative ! Holds an ""informative"" value such as the faulting address ! Zero ! Sets it to zero ! Other ! Some other unknown behavior !===","Informative, Zero, Other",,,"0, 19",,
P062,Base address of the non-maskable interrupt vector.,james,,,NMI_ADDR,TBD,(none),,,,,n/a,unreviewed (his individual draft),,"OUT OF SCOPE under our criteria: platform integration or no architectural units. Kept for the mentor to rule on. UDB check: NMI vector address. Excluded by rule 4 (NON_ISA, platform rather than ISA), not on testability grounds -- it is observable. Scope question for the mentor. His `NMI_ADDR` cites impl-def ? with no matching normative rule in the pinned manual, so its spec text could not be checked.",parameter_definitions,Machine Mode,n/a,,,NMI_ADDR-TBD,Base address of the non-maskable interrupt vector.,uint,MXLEN,,,,
P063,mcause value on NMI.,james,,,NMI_MCAUSE_VAL,"{true, false}",NMI_MCAUSE_VAL,,,,,n/a,unreviewed (his individual draft),,UDB check: UDB models no NMI cause value.,parameter_definitions,Machine Mode,n/a,,,NMI_MCAUSE_VAL-TBD,,boolean,,,,,
P064,Does the implementation ignore the NTL hint when the target instruction causes a trap?,james,,,NTL_TRAP_BEHAVIOR,"{true, false}",NTL_TRAP_BEHAVIOR,,,,,n/a,unreviewed (his individual draft),,UDB check: Trap behaviour for NTL hints. UDB has TRAP_ON_RESERVED_INSTRUCTION but nothing NTL-specific.,parameter_definitions,Zihintntl (Non-tmp Hint),n/a,,,NTL_TRAP_BEHAVIOR-TBD,Does the implementation ignore the NTL hint when the target instruction causes a trap?,boolean,,,,,
P065,Whether cacheable main memory supports all atomics.,james,,,PMA_CACHE_MM_ALL_ATOMICS,"{true, false}",PMA_CACHE_MM_ALL_ATOMICS,,,,,n/a,unreviewed (his individual draft),,UDB check: Same PMA gap. Flagged by our INCLUSION_CRITERIA rule 1 on `PMA_CACHE_MM_ALL_ATOMICS`: tagged text sits in a NOTE/TIP/WARNING block.,parameter_definitions,Machine Mode,n/a,,,PMA_CACHE_MM_ALL_ATOMICS-TBD,,boolean,,,,,
P066,Whether main-memory regions support instruction fetch.,james,,,PMA_MM_IFETCH,"{true, false}",PMA_MM_IFETCH,,,,,n/a,unreviewed (his individual draft),,UDB check: UDB has PMA_GRANULARITY only; Jordan records UDB as having no per-region PMA attributes. DEFECT (his file): cites a tag whose sentence does not describe the parameter -- 'Main memory regions always support read and write' says nothing about instruction fetch.,parameter_definitions,Machine Mode,n/a,,,PMA_MM_IFETCH-TBD,,boolean,,,,,
P067,Whether memory-ordering PMAs are dynamically configurable.,james,,,PMA_MO_DYN,"{true, false}",PMA_MO_DYN,,,,,n/a,unreviewed (his individual draft),,UDB check: Same PMA gap.,parameter_definitions,Machine Mode,n/a,,,PMA_MO_DYN-TBD,,boolean,,,,,
P068,Reset value of pmpcfg A and L fields.,james,,,PMP_A_L_RST,"{true, false}",PMP_A_L_RST,,,,,n/a,unreviewed (his individual draft),,UDB check: UDB models no CSR reset values.,parameter_definitions,Machine Mode,n/a,,,PMP_A_L_RST-TBD,,boolean,,,,,
P069,Base address of the reset vector.,james,,,RST_ADDR,TBD,(none),,,,,n/a,unreviewed (his individual draft),,"OUT OF SCOPE under our criteria: platform integration or no architectural units. Kept for the mentor to rule on. UDB check: Reset vector address. Excluded by rule 4 (NON_ISA, platform rather than ISA), not on testability grounds -- it is observable. Scope question for the mentor. His `RST_ADDR` cites impl-def ? with no matching normative rule in the pinned manual, so its spec text could not be checked.",parameter_definitions,Machine Mode,n/a,,,RST_ADDR-TBD,Base address of the reset vector.,uint,MXLEN,,,,
P070,Do fault-only-first vector load instructions update active destination elements past the element that causes,james,VECTOR_FF_UPDATE_PAST_TRIM,partial,VECTOR_FF_PAST_TRAP,"{Always, Never, Other}",VECTOR_FF_PAST_TRAP,,,,,n/a,unreviewed (his individual draft),,UDB check: Adjacent fault-only-first aspect.,parameter_definitions,V Extension,n/a,,,VECTOR_FF_PAST_TRAP-TBD,Do fault-only-first vector load instructions update active destination elements past the element that causes trimming of the vector length (but not past the original vector length)? [%autowidth] !=== ! Value ! Definition ! Always ! Always update past the trimmed vector length ! Never ! Never update past the trimmed vector length ! Other ! Unpredictable behavior !===,"Always, Never, Other",,,,,Do we need a more specific definition for what elements are updated past the element that causes the trimming of the vector length?
P071,When an exception is detected partway through accessing the zeroth segment of a fault-only-first segment load,james,VECTOR_FF_SEG_EXCEPTION_PARTIAL_LOAD,partial,VECTOR_FF_SEG_SUBSET_EXC_ON_ZEROTH,"{Always, Never, Other}",VECTOR_FF_SEG_PARTIAL_ACCESS,,,,,n/a,unreviewed (his individual draft),,UDB check: He splits the zeroth-element case out; UDB has one parameter.,parameter_definitions,V Extension,n/a,,,VECTOR_FF_SEG_SUBSET_EXC_ON_ZEROTH-TBD,"When an exception is detected partway through accessing the zeroth segment of a fault-only-first segment load and a trap is taken, does the implementation load a subset of the segment? [%autowidth] !=== ! Value ! Definition ! Always ! Always load some subset ! Never ! Never load any subset ! Other ! Unpredictable behavior !===","Always, Never, Other",,,,,"Do we need a more specific definition for the subset since it says ""some subset""?"
P072,When an exception is detected partway through accessing past the zeroth segment of a fault-only-first segment load,james,VECTOR_FF_SEG_EXCEPTION_PARTIAL_LOAD,partial,VECTOR_FF_SEG_SUBSET_EXC_PAST_ZEROTH,"{Always, Never, Other}",VECTOR_FF_SEG_PARTIAL_ACCESS,,,,,n/a,unreviewed (his individual draft),,UDB check: He splits the past-zeroth case out; UDB has one parameter.,parameter_definitions,V Extension,n/a,,,VECTOR_FF_SEG_SUBSET_EXC_PAST_ZEROTH-TBD,"When an exception is detected partway through accessing past the zeroth segment of a fault-only-first segment load and a trap is taken, does the implementation load a subset of the segment? [%autowidth] !=== ! Value ! Definition ! Always ! Always load some subset ! Never ! Never load any subset ! Other ! Unpredictable behavior !===","Always, Never, Other",,,,,
P073,Do vector load/store constant stride instructions with `rs2` = `x0` perform fewer memory operations,james,,,VECTOR_LS_CONSTANT_STRIDE_X0,"{Always, Never, Other}",VECTOR_LS_CONSTANT_STRIDE_X0,,,,,n/a,unreviewed (his individual draft),,UDB check: Constant-stride vector load/store with rs2=x0. UDB has no equivalent.,parameter_definitions,V Extension,n/a,,,VECTOR_LS_CONSTANT_STRIDE_X0-TBD,Do vector load/store constant stride instructions with `rs2` = `x0` perform fewer memory operations than the number of active elements? [%autowidth] !=== ! Value ! Definition ! Always ! Always perform fewer memory operations in this case ! Never ! Never perform fewer memory operations in this case ! Other ! Unpredictable behavior !===,"Always, Never, Other",,,,,
P074,Does a vector load instruction overwrite the faulting element and subsequent elements when,james,LEGAL_VSTART,partial,VECTOR_LS_VSTART,"{Always, Never, Other}",VECTOR_LS_VSTART,,,,,n/a,unreviewed (his individual draft),,"UDB check: UDB enumerates legal vstart values; his is the load/store-specific rule. DEFECT (his file): named for vstart, but the description asks the overwrite-past-trap question, which duplicates his own VECTOR_LS_OVERWRITE_PAST_TRAP. Mapped to UDB LEGAL_VSTART on the name; by description it would map to UDB VECTOR_LOAD_PAST_TRAP. Needs his clarification before the row can be settled.",parameter_definitions,V Extension,n/a,,,VECTOR_LS_VSTART-TBD,Does a vector load instruction overwrite the faulting element and subsequent elements when an exception occurs? [%autowidth] !=== ! Value ! Definition ! Always ! Always overwrites ! Never ! Never overwrites ! Other ! Unpredictable behavior !===,"Always, Never, Other",,,,,
P075,Will `vsetvl`/`vsetvli` instructions executed with a new SEW/LMUL ratio that changes VLMAX set `vcsr.VILL` to 1?,james,VILL_SET_ON_RESERVED_VTYPE,partial,VSETVL_WITH_NEW_RATIO_SETS_VILL,"{Always, Never, Other}",RESERVED_VILL_SET,,,,,n/a,unreviewed (his individual draft),,UDB check: Overlapping vill-setting behaviour.,parameter_definitions,V Extension,n/a,,,VSETVL_WITH_NEW_RATIO_SETS_VILL-TBD,Will `vsetvl`/`vsetvli` instructions executed with a new SEW/LMUL ratio that changes VLMAX set `vcsr.VILL` to 1? [%autowidth] !=== ! Value ! Definition ! Always ! Always set `vcsr.VILL` set to 1 in this case ! Never ! Never set `vcsr.VILL` set to 1 in this case ! Other ! Unpredictable behavior !===,"Always, Never, Other",,,,,
P076,Will `vsetvl`/`vsetvli` instructions executed when `vcsr.VILL` bit is already 1 keep it set to 1?,james,"RESERVED_VSET_X0X0_VILL_SET, VILL_SET_ON_RESERVED_VTYPE",partial,VSETVL_WITH_VILL_1_STAY_1,"{Always, Never, Other}",RESERVED_VILL_SET,,,,,n/a,unreviewed (his individual draft),,UDB check: Overlapping vill-setting behaviour.,parameter_definitions,V Extension,n/a,,,VSETVL_WITH_VILL_1_STAY_1-TBD,Will `vsetvl`/`vsetvli` instructions executed when `vcsr.VILL` bit is already 1 keep it set to 1? [%autowidth] !=== ! Value ! Definition ! Always ! Always keep `vcsr.VILL` set to 1 in this case ! Never ! Never keep `vcsr.VILL` set to 1 in this case ! Other ! Unpredictable behavior !===,"Always, Never, Other",,,,,
P077,Whether WFI is available in U-mode.,james,,,WFI_OPT_U_MODE,"{true, false}",WFI_OPT_U_MODE,,,,,n/a,unreviewed (his individual draft),,"UDB check: Jordan records platform.wfi_available_to_user_mode as having no UDB parameter. NOTE: our own WFI_U_MODE was rejected by the mentor as a duplicate, so this needs his ruling.",parameter_definitions,Machine Mode,n/a,,,WFI_OPT_U_MODE-TBD,,boolean,,,,,
P078,What may cause WFI to resume.,james,,,WFI_RESUME_REASON,"{true, false}",WFI_RESUME_REASON,,,,,n/a,unreviewed (his individual draft),,UDB check: UDB has no WFI resume parameter.,parameter_definitions,Machine Mode,n/a,,,WFI_RESUME_REASON-TBD,,boolean,,,,,
P079,Does the implementation perform the 8-byte memory access atomically?,james,,,ZILSD_ALIGN8_ATOMIC,"{true, false}",ZILSD_ALIGN8_ATOMIC,,,,,n/a,unreviewed (his individual draft),,UDB check: Whether 8-byte-aligned Zilsd accesses are atomic. UDB has no equivalent.,parameter_definitions,Zilsd (RV32 ld/st dbl),n/a,,,ZILSD_ALIGN8_ATOMIC-TBD,Does the implementation perform the 8-byte memory access atomically?,boolean,,,,,
P080,WARL behaviour of ctrsource.,james,,,ctrsource,TBD,CTRSOURCE_WARL,,,,,n/a,unreviewed (his individual draft),,UDB check: UDB has MCTRCTL_* field parameters but nothing for the entry registers.,csr_definitions,SmCtr (Ctrl Xfer Records),register-level,ctrsource,,,,Other,,,,,
P081,Delegatable-bit mask of hedeleg.,james,,,hedeleg,TBD,HEDELEG_WARL,,,,,n/a,unreviewed (his individual draft),,"UDB check: Verified: UDB has no parameter touching any interrupt-pending, interrupt-enable or delegation register.",csr_definitions,H Extension,register-level,hedeleg,,,,Other,,,,,
P082,Legal values / access behaviour of `henvcfg.CBIE`,james,FORCE_UPGRADE_CBO_INVAL_TO_FLUSH,partial,henvcfg.CBIE,TBD,HENVCFG_CBIE_WARL,,,,,n/a,unreviewed (his individual draft),,UDB check: UDB's param controls CBIE=0b11 only; Jordan notes it is related but not the same as the reserved 0b10 behaviour.,csr_definitions,H Extension,field-level,henvcfg,CBIE,,,Other,,,,,
P083,Writable-bit mask of hgeie.,james,,,hgeie,TBD,HGEIE_WARL,,,,,n/a,unreviewed (his individual draft),,"UDB check: Verified: UDB has no parameter touching any interrupt-pending, interrupt-enable or delegation register.",csr_definitions,H Extension,register-level,hgeie,,,,Other,,,,,
P084,Delegatable-bit mask of hideleg.,james,,,hideleg,TBD,HIDELEG_WARL,,,,,n/a,unreviewed (his individual draft),,"UDB check: Verified: UDB has no parameter touching any interrupt-pending, interrupt-enable or delegation register.",csr_definitions,H Extension,register-level,hideleg,,,,Other,,,,,
P085,Writable-bit mask of hie.,james,,,hie,TBD,HIE_WARL,,,,,n/a,unreviewed (his individual draft),,"UDB check: Verified: UDB has no parameter touching any interrupt-pending, interrupt-enable or delegation register.",csr_definitions,H Extension,register-level,hie,,,,Other,,,,,
P086,"VGEIN's legal range is bounded by GEILEN, which UDB models as a count rather than a field constraint.",james,NUM_EXTERNAL_GUEST_INTERRUPTS,partial,hstatus.VGEIN,TBD,HSTATUS_VGEIN_WLRL,,,,,n/a,unreviewed (his individual draft),,,csr_definitions,H Extension,field-level,hstatus,VGEIN,,,Other,,,,,
P087,Legal values / access behaviour of `htinst` (whole register),james,"TINST_VALUE_ON_BREAKPOINT, TINST_VALUE_ON_LOAD_PAGE_FAULT, TINST_VALUE_ON_VIRTUAL_INSTRUCTION",partial,htinst,TBD,HTINST_WARL,,,,,n/a,unreviewed (his individual draft),,"UDB check: UDB has 14 TINST_VALUE_ON_* parameters, one per exception; his is one register-level WARL entry. 1-to-many.",csr_definitions,H Extension,register-level,htinst,,,,Other,,,,,
P088,Writable-bit mask of hvip.,james,,,hvip,TBD,HVIP_WARL,,,,,n/a,unreviewed (his individual draft),,"UDB check: Verified: UDB has no parameter touching any interrupt-pending, interrupt-enable or delegation register.",csr_definitions,H Extension,register-level,hvip,,,,Other,,,,,
P089,Legal values / access behaviour of `jvt.MODE`,james,JVT_READ_ONLY,partial,jvt.MODE,TBD (legal enum),JVT_MODE_WARL,,,,,n/a,unreviewed (his individual draft),,UDB check: UDB captures jvt writability but not the MODE legal-value set.,csr_definitions,Zc Extension,field-level,jvt,MODE,,,LegalEnum,,,,,
P090,WLRL legal exception codes of mcause.,james,,,mcause.EXCCODE,TBD (legal enum),MCAUSE_EXCCODE_WLRL,,,,,n/a,unreviewed (his individual draft),,UDB check: UDB has no cause-code legal-value parameter.,csr_definitions,Machine Mode,field-level,mcause,EXCCODE,,,LegalEnum,,,,INTR,
P091,"If list of legal write values is empty, then this field is read-only zero.",james,FORCE_UPGRADE_CBO_INVAL_TO_FLUSH,partial,menvcfg.CBIE,TBD (legal enum),MENVCFG_CBIE_WARL,,,,,n/a,unreviewed (his individual draft),,UDB check: Same partial relationship as henvcfg.CBIE.,csr_definitions,Machine Mode,field-level,menvcfg,CBIE,,"If list of legal write values is empty, then this field is read-only zero.",LegalEnum,,,,,
P092,"If list of legal write values is empty, then this field is read-only zero.",james,PMLEN,partial,menvcfg.PMM,TBD (legal enum),MENVCFG_PMM_WARL,,,,,n/a,unreviewed (his individual draft),,UDB check: UDB models PMLEN as a configured integer rather than per-CSR PMM field legal values.,csr_definitions,Machine Mode,field-level,menvcfg,PMM,,"If list of legal write values is empty, then this field is read-only zero.",LegalEnum,,,,,
P093,WARL behaviour of mepc.,james,,,mepc,per bit: constant mask,MEPC_WARL,,,,,n/a,unreviewed (his individual draft),,UDB check: UDB has no mepc parameter; our SEPC_INVALID_ADDR_BEHAVIOR is the sepc sibling.,csr_definitions,Machine Mode,register-level,mepc,,,,ConstMask,,,,,
P094,Legal values / access behaviour of `mhpmcounter` (whole register),james,HPM_COUNTER_EN,partial,mhpmcounter,per bit: constant mask,MHPMCOUNTER_WARL; MHPMEVENT_N_RDONLY0,,,,,n/a,unreviewed (his individual draft),,UDB check: UDB models which counters exist as a bit vector; his is the register-level WARL.,csr_definitions,Machine Mode,register-level,mhpmcounter,,,,ConstMask,,,,,
P095,Legal values / access behaviour of `mhpmevent` (whole register),james,HPM_EVENTS,partial,mhpmevent,per bit: constant mask,MHPMEVENT_WARL; MHPMEVENT_N_RDONLY0,,,,,n/a,unreviewed (his individual draft),,UDB check: UDB enumerates legal event numbers; his is the register-level WARL.,csr_definitions,Machine Mode,register-level,mhpmevent,,,,ConstMask,,,,,
P096,Writable-bit mask of mie.,james,,,mie,per bit: constant mask,MIE_WARL,,,,,n/a,unreviewed (his individual draft),,"UDB check: Verified: UDB has no parameter touching any interrupt-pending, interrupt-enable or delegation register.",csr_definitions,Machine Mode,register-level,mie,,,,ConstMask,,,,,
P097,Supported value range of miselect.,james,,,miselect,TBD,MISELECT_WARL,,,,,n/a,unreviewed (his individual draft),,UDB check: UDB has no iselect parameter; our SISELECT_WIDTH and VSISELECT_WIDTH are the s/vs siblings.,csr_definitions,Indirect CSR,register-level,miselect,,,,Other,,,,,
P098,WARL behaviour of mncause (RNMI).,james,,,mncause,TBD,MNCAUSE_WARL,,,,,n/a,unreviewed (his individual draft),,UDB check: UDB has no mncause parameter.,csr_definitions,Smrnmi Extension for Resumable Non-Maskable Interrupts,register-level,mncause,,,,Other,,,,,
P099,WARL behaviour of mnstatus (RNMI).,james,,,mnstatus,TBD,MNSTATUS_WARL,,,,,n/a,unreviewed (his individual draft),,UDB check: UDB has no mnstatus parameter.,csr_definitions,Smrnmi Extension for Resumable Non-Maskable Interrupts,register-level,mnstatus,,,,Other,,,,,
P100,WARL behaviour of mseccfg.MML.,james,,,mseccfg.MML,per bit: constant mask,MSECCFG_MML_WARL,,,,,n/a,unreviewed (his individual draft),,UDB check: UDB has no mseccfg field parameters.,csr_definitions,Machine Mode,field-level,mseccfg,MML,,,ConstMask,,,,,
P101,WARL behaviour of mseccfg.MMWP.,james,,,mseccfg.MMWP,per bit: constant mask,MSECCFG_MMWP_WARL,,,,,n/a,unreviewed (his individual draft),,UDB check: UDB has no mseccfg field parameters.,csr_definitions,Machine Mode,field-level,mseccfg,MMWP,,,ConstMask,,,,,
P102,"If list of legal write values is empty, then this field is read-only zero.",james,PMLEN,partial,mseccfg.PMM,TBD (legal enum),MSECCFG_PMM_WARL,,,,,n/a,unreviewed (his individual draft),,UDB check: Same partial relationship as menvcfg.PMM.,csr_definitions,Machine Mode,field-level,mseccfg,PMM,,"If list of legal write values is empty, then this field is read-only zero.",LegalEnum,,,,,
P103,WARL behaviour of mseccfg.RLB.,james,,,mseccfg.RLB,per bit: constant mask,MSECCFG_RLB_WARL,,,,,n/a,unreviewed (his individual draft),,UDB check: UDB has no mseccfg field parameters.,csr_definitions,Machine Mode,field-level,mseccfg,RLB,,,ConstMask,,,,,
P104,WARL behaviour of mstatus.MDT (Smdbltrp).,james,,,mstatus.MDT,per bit: constant mask,MSTATUS_MDT_WARL,,,,,n/a,unreviewed (his individual draft),,UDB check: UDB has no MDT parameter.,csr_definitions,Machine Mode,field-level,mstatus,MDT,,,ConstMask,,,,,
P105,Legal values of mstatus.MPP.,james,,,mstatus.MPP,TBD (legal enum),MSTATUS_XPP_WARL,,,,,n/a,unreviewed (his individual draft),,UDB check: UDB models no MPP legal-value set.,csr_definitions,Machine Mode,field-level,mstatus,MPP,,,LegalEnum,,,,,
P106,Legal values of mstatus.SPP.,james,,,mstatus.SPP,TBD (legal enum),MSTATUS_XPP_WARL,,,,,n/a,unreviewed (his individual draft),,UDB check: UDB models no SPP legal-value set.,csr_definitions,Machine Mode,field-level,mstatus,SPP,,,LegalEnum,,,,,
P107,WARL behaviour of mstatus.TSR.,james,,,mstatus.TSR,per bit: constant mask,MSTATUS_TSR_WARL,,,,,n/a,unreviewed (his individual draft),,UDB check: UDB has MSTATUS_TVM_IMPLEMENTED but no TSR equivalent.,csr_definitions,Machine Mode,field-level,mstatus,TSR,,,ConstMask,,,,,
P108,WARL behaviour of mstatus.TW.,james,,,mstatus.TW,per bit: constant mask,MSTATUS_TW_WARL,,,,,n/a,unreviewed (his individual draft),,UDB check: UDB has MSTATUS_TVM_IMPLEMENTED but no TW equivalent.,csr_definitions,Machine Mode,field-level,mstatus,TW,,,ConstMask,,,,,
P109,Legal values / access behaviour of `mtinst` (whole register),james,"TINST_VALUE_ON_BREAKPOINT, TINST_VALUE_ON_LOAD_PAGE_FAULT, TINST_VALUE_ON_VIRTUAL_INSTRUCTION",partial,mtinst,TBD,MTINST_WARL,,,,,n/a,unreviewed (his individual draft),,UDB check: Same 1-to-many relationship as htinst.,csr_definitions,H Extension,register-level,mtinst,,,,Other,,,,,
P110,Legal values / access behaviour of `mtvec.BASE`,james,"MTVEC_BASE_ALIGNMENT_DIRECT, MTVEC_BASE_ALIGNMENT_VECTORED",partial,mtvec.BASE,per bit: constant mask,MTVEC_WARL; MTVEC_BASE_ALIGN_FUNC_MODE,,,,,n/a,unreviewed (his individual draft),,UDB check: UDB splits BASE alignment by mode.,csr_definitions,Machine Mode,field-level,mtvec,BASE,,,ConstMask,,,,MODE,
P111,There are up to 64 PMP entries (M=0 to 63) each with an 8-bit WARL field.,james,"PMP_TOR_SUPPORTED, PMP_NA4_SUPPORTED, PMP_NAPOT_SUPPORTED",partial,pmpcfgN.pmpMcfg,TBD,PMPCFG_WARL,,,,,n/a,unreviewed (his individual draft),,UDB check: UDB splits pmpcfg.A legal values into per-mode booleans.,csr_definitions,Machine Mode,field-level,pmpcfgN,pmpMcfg,,"There are up to 64 PMP entries (M=0 to 63) each with an 8-bit WARL field. RV32 has 4 pmpcfg fields per CSR (N=0 to 15) and RV64 has 8 pmpcfg fields per CSR (N=0 to 15, even values). The WARL behavior of all fields is the same.",Other,,,,,
P112,WLRL legal exception codes of scause.,james,,,scause.EXCEPTION_CODE,TBD,SCAUSE_EXCEPTION_CODE_ACC,,,,,n/a,unreviewed (his individual draft),,UDB check: UDB has no cause-code legal-value parameter.,csr_definitions,Supervisor Mode,field-level,scause,EXCEPTION_CODE,,,Other,,,,,
P113,Legal values / access behaviour of `sctrdepth.DEPTH`,james,,,sctrdepth.DEPTH,TBD,SCTRDEPTH_DEPTH_WARL,,,,,n/a,unreviewed (his individual draft),,"Duplicated within his own list. UDB check: Duplicates his own SCTRDEPTH_DEPTH parameter_definition (same field, recorded once in each section). That parameter already matches our SCTRDEPTH_SUPPORTED_VALUES. DEFECT (his file): the same field is recorded in both sections (SCTRDEPTH_DEPTH under parameter_definitions, sctrdepth.DEPTH under csr_definitions). The two carry different impl-defs so the split may be deliberate; worth confirming with him.",csr_definitions,SmCtr (Ctrl Xfer Records),field-level,sctrdepth,DEPTH,,,Other,,,,,
P114,WARL behaviour of sctrstatus.WRPTR.,james,,,sctrstatus.WRPTR,TBD,SCTRSTATUS_WRPTR_WARL,,,,,n/a,unreviewed (his individual draft),,UDB check: UDB has no sctrstatus parameter.,csr_definitions,SmCtr (Ctrl Xfer Records),field-level,sctrstatus,WRPTR,,,Other,,,,,
P115,Legal values / access behaviour of `senvcfg.CBIE`,james,FORCE_UPGRADE_CBO_INVAL_TO_FLUSH,partial,senvcfg.CBIE,TBD,SENVCFG_CBIE_WARL,,,,,n/a,unreviewed (his individual draft),,UDB check: Same partial relationship as henvcfg.CBIE.,csr_definitions,Supervisor Mode,field-level,senvcfg,CBIE,,,Other,,,,,
P116,Writable-bit mask of sie.,james,,,sie,TBD,SIE_WARL,,,,,n/a,unreviewed (his individual draft),,"UDB check: Verified: UDB has no parameter touching any interrupt-pending, interrupt-enable or delegation register. His `sie` cites impl-def SIE_WARL with no matching normative rule in the pinned manual, so its spec text could not be checked.",csr_definitions,Supervisor Mode,register-level,sie,,,,Other,,,,,
P117,Legal values / access behaviour of `sstateen0/sstateen1/sstateen2/sstateen3` (whole register),james,SSTATEEN_JVT_TYPE,partial,sstateen0/sstateen1/sstateen2/sstateen3,per bit: constant mask,STATEEN_WARL_ACCESS,,,,,n/a,unreviewed (his individual draft),,"UDB check: UDB models only the JVT bit at S level, while mstateen/hstateen have six each.",csr_definitions,State Enable Extension,register-level,sstateen0/sstateen1/sstateen2/sstateen3,,,,ConstMask,,,,,
P118,WARL behaviour of sstatus.SDT (Ssdbltrp).,james,,,sstatus.SDT,TBD,SSTATUS_SDT_WARL,,,,,n/a,unreviewed (his individual draft),,UDB check: UDB has no SDT parameter.,csr_definitions,Supervisor Mode,field-level,sstatus,SDT,,,Other,,,,,
P119,BASE alignment of stvec.,james,,,stvec.BASE,TBD,STVEC_BASE_WARL,,,,,n/a,unreviewed (his individual draft),,"UDB check: Jordan records explicitly that UDB has no STVEC base-alignment parameter while Sail does. His `stvec.BASE` cites impl-def STVEC_BASE_WARL with no matching normative rule in the pinned manual, so its spec text could not be checked.",csr_definitions,Supervisor Mode,field-level,stvec,BASE,,,Other,,,,,
P120,Legal values / access behaviour of `vsatp.MODE`,james,"VSSTAGE_MODE_BARE, SV39_VSMODE_TRANSLATION, SV48_VSMODE_TRANSLATION, IGNORE_INVALID_VSATP_MODE_WRITES_WHEN_V_EQ_ZERO",partial,vsatp.MODE,TBD,VSATP_MODE_UNSUPPORTED_V0_WARL,,,,,n/a,unreviewed (his individual draft),,UDB check: UDB splits vsatp.MODE across per-mode booleans plus an illegal-write behaviour.,csr_definitions,H Extension,field-level,vsatp,MODE,,,Other,,,,,
P121,WLRL legal exception codes of vscause.,james,,,vscause,TBD,VSCAUSE_WLRL,,,,,n/a,unreviewed (his individual draft),,"UDB check: UDB has no cause-code legal-value parameter. Flagged by our INCLUSION_CRITERIA rule 14 on `vscause`: legal values stated as identical to another register's -- possibly derived, not independent.",csr_definitions,H Extension,register-level,vscause,,,,Other,,,,,
P122,WARL behaviour of vsepc.,james,,,vsepc,TBD,VSEPC_WARL,,,,,n/a,unreviewed (his individual draft),,"UDB check: UDB has no vsepc parameter; our SEPC_INVALID_ADDR_BEHAVIOR is the sepc sibling. Flagged by our INCLUSION_CRITERIA rule 14 on `vsepc`: legal values stated as identical to another register's -- possibly derived, not independent.",csr_definitions,H Extension,register-level,vsepc,,,,Other,,,,,
P123,Writable-bit mask of vsie.,james,,,vsie,TBD,VSIE_WARL,,,,,n/a,unreviewed (his individual draft),,"UDB check: Verified: UDB has no parameter touching any interrupt-pending, interrupt-enable or delegation register.",csr_definitions,H Extension,register-level,vsie,,,,Other,,,,,
P124,Writable-bit mask of vsip.,james,,,vsip,TBD,VSIP_WARL,,,,,n/a,unreviewed (his individual draft),,"UDB check: Verified: UDB has no parameter touching any interrupt-pending, interrupt-enable or delegation register.",csr_definitions,H Extension,register-level,vsip,,,,Other,,,,,
P125,Implemented-bit width of vstval.,james,,,vstval,TBD,VSTVAL_WARL,,,,,n/a,unreviewed (his individual draft),,"UDB check: UDB has MTVAL_WIDTH and STVAL_WIDTH but no VSTVAL_WIDTH. Flagged by our INCLUSION_CRITERIA rule 14 on `vstval`: legal values stated as identical to another register's -- possibly derived, not independent.",csr_definitions,H Extension,register-level,vstval,,,,Other,,,,,
P126,Legal values / access behaviour of `vstvec.BASE`,james,"VSTVEC_MODE_DIRECT, VSTVEC_MODE_VECTORED",partial,vstvec.BASE,TBD,VSTVEC_BASE_WARL,,,,,n/a,unreviewed (his individual draft),,"UDB check: UDB has no vstvec BASE-alignment parameter; Jordan records the same gap for stvec. OPEN (our bookkeeping): classified as a partial overlap citing VSTVEC_MODE_DIRECT/VECTORED, but those are MODE parameters and the stated reason is that UDB has no vstvec BASE-alignment parameter. Its sibling stvec.BASE is classified as having no UDB counterpart. Reads like it should be no-counterpart too; left unchanged pending review. His `vstvec.BASE` cites impl-def VSTVEC_BASE_WARL with no matching normative rule in the pinned manual, so its spec text could not be checked.",csr_definitions,H Extension,field-level,vstvec,BASE,,,Other,,,,,
