adoc_file,line_number,excerpt,parameter_name,named,class,value_type,confidence,notes
a-st-ext.adoc,100,"If the address is not naturally aligned, an address-misaligned exception or an access-fault exception will be generated. The access-fault exception can be generated for a memory access that would otherwise be able to complete except for the misalignment, if the misaligned access should not be emulated.",LRSC_MISALIGNED_BEHAVIOR,yes,NORM_DIRECT,enum,high,
a-st-ext.adoc,109,"An implementation can register an arbitrarily large reservation set on each LR, provided the reservation set includes all bytes of the addressed data word or doubleword.",LRSC_RESERVATION_STRATEGY,yes,NORM_DIRECT,range,high,
a-st-ext.adoc,115,"An SC may succeed only if no store from another hart to the reservation set can be observed to have occurred between the LR and the SC, and if there is no other SC between the LR and the SC in program order.",LRSC_FAIL_ON_NON_EXACT_LRSC,yes,NORM_DIRECT,binary,medium,
a-st-ext.adoc,125,"Following this model, in systems with memory translation, an SC is allowed to succeed if the earlier LR reserved the same location using an alias with a different virtual address, but is also allowed to fail if the virtual address is different.",LRSC_FAIL_ON_VA_SYNONYM,yes,NORM_DIRECT,binary,high,
a-st-ext.adoc,378,"If the address is not naturally aligned, an address-misaligned exception or an access-fault exception will be generated. The access-fault exception can be generated for a memory access that would otherwise be able to complete except for the misalignment, if the misaligned access should not be emulated.",MISALIGNED_AMO,yes,NORM_DIRECT,enum,high,
a-st-ext.adoc,383,"The misaligned atomicity granule PMA, defined in Volume II of this manual, optionally relaxes this alignment requirement. If present, the misaligned atomicity granule PMA specifies the size of a misaligned atomicity granule, a power-of-two number of bytes.",MISALIGNED_MAX_ATOMICITY_GRANULE_SIZE,yes,NORM_DIRECT,value,high,
bfloat16.adoc,149,"All of the BF16 instructions in the extensions defined in this specification (i.e., Zfbfmin, Zvfbfmin, and Zvfbfwma) fully support subnormal numbers. That is, instructions are able to accept subnormal values as inputs and they can produce subnormal results.",BF16_SUBNORMAL_SUPPORT,no,NORM_DIRECT,binary,high,newly discovered
bfloat16.adoc,569,SEW is any value other than 16,VFNCVTBF16_SEW_SUPPORT,no,NORM_CSR_WARL,set,high,newly discovered
bfloat16.adoc,625,SEW is any value other than 16,VFWCVTBF16_SEW_SUPPORT,no,NORM_CSR_WARL,set,high,newly discovered
bfloat16.adoc,707,SEW is any value other than 16,VFWMACCBF16_SEW_SUPPORT,no,NORM_CSR_WARL,set,high,newly discovered
c-st-ext.adoc,19,"The C extension allows 16-bit instructions to be freely intermixed with 32-bit instructions, with the latter now able to start on any 16-bit boundary, i.e., IALIGN=16.",IALIGN,no,NORM_DIRECT,value,high,newly discovered
c-st-ext.adoc,165,"CIW, CL, CS, CA, and CB are limited to just 8 of them.",RVC_REGISTER_SUBSET,no,NORM_DIRECT,set,high,newly discovered
c-st-ext.adoc,177,"Compressed register-based floating-point loads and stores also use the CL and CS formats respectively, with the eight registers mapping to `f8` to `f15`.",RVC_FP_REGISTER_SUBSET,no,NORM_DIRECT,set,high,newly discovered
c-st-ext.adoc,456,"As with base RVI instructions, the offsets of all RVC control transfer instructions are in multiples of 2 bytes.",RVC_OFFSET_ALIGNMENT,no,NORM_DIRECT,value,high,newly discovered
c-st-ext.adoc,795,A 16-bit instruction with all bits zero is permanently reserved as an illegal instruction.,RVC_ILLEGAL_INSTRUCTION_ENCODING,no,NORM_DIRECT,value,high,newly discovered
cmo.adoc,108,"The capacity and organization of a cache and the size of a cache block are both _implementation-specific_, and the execution environment provides software a means to discover information about the caches and cache blocks in a system.",CACHE_BLOCK_SIZE,yes,NORM_DIRECT,value,high,
cmo.adoc,111,"In the initial set of CMO extensions, the size of a cache block shall be uniform throughout the system.",UNIFORM_CACHE_BLOCK_SIZE,no,NORM_DIRECT,binary,high,newly discovered
cmo.adoc,158,An implementation may or may not update the entire set of bytes atomically with a single store operation.,CBO_ZERO_ATOMICITY,no,NORM_DIRECT,binary,high,newly discovered
cmo.adoc,350,"If the above constraints are not met, the behavior of a CBO instruction is UNSPECIFIED.",CBO_UNSPECIFIED_BEHAVIOR,no,NORM_DIRECT,enum,medium,newly discovered
cmo.adoc,456,if (((priv_mode != M) && (m{csrname}.CBIE == 00)) || ((priv_mode == U) && (s{csrname}.CBIE == 00))),MENVCFG_CBIE,no,NORM_CSR_WARL,enum,high,newly discovered
cmo.adoc,569,"Each `x{csrname}` register is WARL; however, software should determine the legal values from the execution environment discovery mechanism.",XENVCFG_LEGAL_VALUES,no,NORM_CSR_WARL,set,high,newly discovered
cmo.adoc,703,"An implementation may update the bytes in any order and with any granularity and atomicity, including individual bytes.",CBO_ZERO_GRANULARITY,no,NORM_DIRECT,enum,high,newly discovered
cmo.adoc,825,"When executing a *cbo.clean* instruction, an implementation may instead perform a flush operation",CBO_CLEAN_MAY_FLUSH,no,NORM_DIRECT,binary,high,newly discovered
cmo.adoc,906,"When executing a *cbo.inval* instruction, an implementation may instead perform a flush operation",FORCE_UPGRADE_CBO_INVAL_TO_FLUSH,yes,NORM_DIRECT,binary,high,aligned via fuzzy_name to UDB FORCE_UPGRADE_CBO_INVAL_TO_FLUSH
cmo.adoc,958,An implementation may or may not update the entire set of bytes atomically.,CBO_ZERO_ATOMIC_UPDATE,no,NORM_DIRECT,binary,high,newly discovered
cmo.adoc,1000,"An implementation may opt to cache a copy of the cache block in a cache accessed by an instruction fetch in order to improve memory access latency, but this behavior is not required.",PREFETCH_I_BEHAVIOR,no,NORM_DIRECT,enum,high,newly discovered
cmo.adoc,1040,"An implementation may opt to cache a copy of the cache block in a cache accessed by a data read in order to improve memory access latency, but this behavior is not required.",PREFETCH_R_BEHAVIOR,no,NORM_DIRECT,enum,high,newly discovered
cmo.adoc,1080,"An implementation may opt to cache a copy of the cache block in a cache accessed by a data write in order to improve memory access latency, but this behavior is not required.",PREFETCH_W_BEHAVIOR,no,NORM_DIRECT,enum,high,newly discovered
counters.adoc,201,"The implemented number and width of these additional counters, and the set of events they count, are platform-specific.",HPM_COUNTER_EN,yes,NORM_DIRECT,bitmask,high,
counters.adoc,201,"The implemented number and width of these additional counters, and the set of events they count, are platform-specific.",HPM_EVENTS,yes,NORM_DIRECT,set,high,
counters.adoc,203,Accessing an unimplemented counter may cause an illegal-instruction exception or may return a constant value.,TRAP_ON_UNIMPLEMENTED_INSTRUCTION,yes,NORM_DIRECT,binary,high,aligned via fuzzy_name to UDB TRAP_ON_UNIMPLEMENTED_INSTRUCTION
d-st-ext.adoc,11,"The D extension widens the 32 floating-point registers, `f0-f31`, to 64 bits (FLEN=64 in <<fprs>>",FLEN,no,NORM_DIRECT,value,high,newly discovered
d-st-ext.adoc,108,FLD and FSD are only guaranteed to execute atomically if the effective address is naturally aligned and XLEN≥64.,FLD_FSD_ATOMIC_ALIGNMENT,no,NORM_DIRECT,binary,high,newly discovered
f-st-ext.adoc,119,"The behavior of floating-point instructions that depend on rounding mode when executed with a reserved rounding mode is _reserved_, including both static reserved rounding modes (101-110) and dynamic reserved rounding modes (101-111).",TRAP_ON_RESERVED_INSTRUCTION,yes,NORM_DIRECT,binary,medium,aligned via fuzzy_name to UDB TRAP_ON_RESERVED_INSTRUCTION
hypervisor.adoc,23,CSR `mtval` must not be read-only zero,MTVAL_IMPLEMENTED,no,NORM_DIRECT,binary,high,newly discovered
hypervisor.adoc,24,"standard page-based address translation must be supported, either Sv32 for RV32, or a minimum of Sv39 for RV64",VM_TRANSLATION_SUPPORT,no,NORM_DIRECT,enum,high,newly discovered
hypervisor.adoc,29,"RISC-V harts that implement the hypervisor extension are encouraged not to hardwire `misa`[7], so that the extension may be disabled.",MUTABLE_MISA_H,yes,NORM_CSR_RW,binary,medium,
hypervisor.adoc,139,we use the term _HSXLEN_ to refer to the effective XLEN when executing in HS-mode,HSXLEN,no,NORM_DIRECT,enum,high,newly discovered
hypervisor.adoc,140,_VSXLEN_ to refer to the effective XLEN when executing in VS-mode.,VSXLEN,yes,NORM_DIRECT,enum,high,
hypervisor.adoc,162,an implementation may make VSXL be a read-only field whose value always ensures that VSXLEN=HSXLEN.,VSXL_RO_PARAM,no,NORM_CSR_RW,binary,high,newly discovered
hypervisor.adoc,177,"An implementation may have WFI always raise a virtual-instruction exception in VS-mode when VTW=1 (and `mstatus`.TW=0), even if there are pending globally-disabled interrupts when the instruction is executed.",VTW_VIRTINSTR_PARAM,no,NORM_DIRECT,binary,high,newly discovered
hypervisor.adoc,188,"GEILEN may be zero, in which case VGEIN may be read-only zero.",GEILEN,no,NORM_DIRECT,range,high,newly discovered
hypervisor.adoc,1006,"When a guest-page-fault trap is taken into HS-mode, `htval` is written with either zero or the guest physical address that faulted, shifted right by 2 bits.",REPORT_GPA_IN_HTVAL_ON_GUEST_PAGE_FAULT,yes,NORM_DIRECT,binary,high,
hypervisor.adoc,1071,Implementations are not required to support all defined MODE settings when HSXLEN=64.,HGATP_MODE_SUPPORT,no,NORM_CSR_WARL,set,high,newly discovered
hypervisor.adoc,1073,"the fields of `hgatp` are *WARL* in the normal way, when so indicated.",GSTAGE_MODE_BARE,yes,NORM_CSR_WARL,binary,high,
hypervisor.adoc,1074,The number of VMID bits is UNSPECIFIED and may be zero.,VMID_WIDTH,yes,NORM_DIRECT,range,high,
hypervisor.adoc,1204,An implementation may make field UBE be a read-only copy of `hstatus`.VSBE.,VSSTATUS_UBE_PARAM,no,NORM_CSR_RW,binary,high,newly discovered
hypervisor.adoc,1350,"When V=0, a write to `vsatp` with an unsupported MODE value is either ignored as it is for `satp`, or the fields of `vsatp` are treated as *WARL* in the normal way.",IGNORE_INVALID_VSATP_MODE_WRITES_WHEN_V_EQ_ZERO,yes,NORM_DIRECT,binary,high,
hypervisor.adoc,1365,The `vstimecmp` CSR is a 64-bit register and has 64-bit precision on all RV32 and RV64 systems.,VSTIMECMP_WIDTH,no,NORM_DIRECT,value,high,newly discovered
hypervisor.adoc,1635,"When a guest-page-fault trap is taken into M-mode, `mtval2` is written with either zero or the guest physical address that faulted, shifted right by 2 bits.",REPORT_GPA_IN_MTVAL2_ON_GUEST_PAGE_FAULT,no,NORM_DIRECT,binary,high,newly discovered
hypervisor.adoc,2230,"On a virtual-instruction trap, `mtval` or `stval` is written the same as for an illegal-instruction trap.",REPORT_ENCODING_IN_VSTVAL_ON_VIRTUAL_INSTRUCTION,yes,NORM_DIRECT,binary,medium,
indirect-csr.adoc,67,The `miselect` register implements at least enough bits to support all implemented `miselect` values (corresponding to the implemented extensions that utilize `miselect`/`mireg*` to indirectly access register state). The `miselect` register may be read-only zero if there are no extensions implemented that utilize it.,MISELECT_WIDTH,no,NORM_CSR_RW,range,high,newly discovered
indirect-csr.adoc,79,"The behavior upon accessing `mireg*` from M-mode, while `miselect` holds a value that is not implemented, is UNSPECIFIED.",MIREG_UNIMPLEMENTED_MISELECT_BEHAVIOR,no,NORM_DIRECT,enum,high,newly discovered
indirect-csr.adoc,115,The `siselect` register will support the value range 0..0xFFF at a minimum. A future extension may define a value range outside of this minimum range. Only if such an extension is implemented will `siselect` be required to support larger values.,SISELECT_WIDTH,no,NORM_CSR_WARL,range,high,newly discovered
indirect-csr.adoc,135,"The behavior upon accessing `sireg*` from M-mode or S-mode, while `siselect` holds a value that is not implemented at supervisor level, is UNSPECIFIED.",SIREG_UNIMPLEMENTED_SISELECT_BEHAVIOR,no,NORM_DIRECT,enum,high,newly discovered
indirect-csr.adoc,185,The `vsiselect` register will support the value range 0..0xFFF at a minimum. A future extension may define a value range outside of this minimum range. Only if such an extension is implemented will `vsiselect` be required to support larger values.,VSISELECT_WIDTH,no,NORM_CSR_WARL,range,high,newly discovered
indirect-csr.adoc,217,"The behavior upon accessing `vsireg*` from M-mode or HS-mode, or accessing `sireg*` (really `vsireg*`) from VS-mode, while `vsiselect` holds a value that is not implemented at HS level, is UNSPECIFIED.",VSIREG_UNIMPLEMENTED_VSISELECT_BEHAVIOR,no,NORM_DIRECT,enum,high,newly discovered
indirect-csr.adoc,242,"If extension Smstateen is implemented together with Smcsrind, bit 60 of state-enable register `mstateen0` controls access to `siselect`, `sireg*`, `vsiselect`, and `vsireg*`.",MSTATEEN_CSRIND_TYPE,yes,NORM_CSR_RW,binary,high,
indirect-csr.adoc,256,"If the hypervisor extension is implemented, the same bit is defined also in hypervisor CSR `hstateen0`, but controls access to only `siselect` and `sireg*` (really `vsiselect` and `vsireg*`)",HSTATEEN_CSRIND_TYPE,yes,NORM_CSR_RW,binary,high,
intro.adoc,244,We use the term XLEN to refer to the width of an integer register in bits (either 32 or 64).,MXLEN,yes,NORM_DIRECT,enum,high,
intro.adoc,490,"We use the term ILEN (measured in bits) to refer to the maximum instruction length supported by an implementation, and which is always a multiple of IALIGN. For implementations supporting only a base instruction set, ILEN is 32 bits. Implementations supporting longer instructions have larger values of ILEN.",ILEN,no,NORM_DIRECT,range,high,newly discovered
intro.adoc,540,"RISC-V base ISAs have either little-endian or big-endian memory systems, with the privileged architecture further defining bi-endian operation.",MEMORY_ENDIANNESS,no,NORM_DIRECT,enum,high,newly discovered
machine.adoc,23,a value of zero can be returned to indicate the `misa` register has not been implemented,MISA_CSR_IMPLEMENTED,yes,NORM_DIRECT,binary,high,
machine.adoc,60,The Extensions field is a *WARL* field that can contain writable bits where the implementation allows the supported ISA to be modified.,MUTABLE_MISA_U,yes,NORM_CSR_WARL,bitmask,high,aligned via one_to_many to UDB MUTABLE_MISA_U
machine.adoc,189,"JEDEC manufacturer IDs are ordinarily encoded as a sequence of one-byte continuation codes `0x7f`, terminated by a one-byte ID not equal to `0x7f`",VENDOR_ID_BANK,yes,NORM_DIRECT,value,high,
machine.adoc,192,"encodes the final byte in the Offset field, discarding the parity bit",VENDOR_ID_OFFSET,yes,NORM_DIRECT,value,high,
machine.adoc,217,The `marchid` CSR is an MXLEN-bit read-only register encoding the base microarchitecture of the hart.,MARCHID_IMPLEMENTED,yes,NORM_DIRECT,binary,high,
machine.adoc,219,a value of 0 can be returned to indicate the field is not implemented,ARCH_ID_VALUE,yes,NORM_DIRECT,value,high,
machine.adoc,252,The `mimpid` CSR provides a unique encoding of the version of the processor implementation.,MIMPID_IMPLEMENTED,yes,NORM_DIRECT,binary,high,
machine.adoc,254,a value of 0 can be returned to indicate that the field is not implemented,IMP_ID_VALUE,yes,NORM_DIRECT,value,high,
machine.adoc,549,"For RV64 harts, the SXL and UXL fields are *WARL* fields that control the value of XLEN for S-mode and U-mode, respectively.",SXLEN,yes,NORM_CSR_WARL,enum,high,
machine.adoc,549,"For RV64 harts, the SXL and UXL fields are *WARL* fields that control the value of XLEN for S-mode and U-mode, respectively.",UXLEN,yes,NORM_CSR_WARL,enum,high,
machine.adoc,679,"The MBE, SBE, and UBE bits in `mstatus` and `mstatush` are *WARL* fields",M_MODE_ENDIANNESS,yes,NORM_CSR_RW,enum,high,
machine.adoc,734,an implementation may make SBE be a read-only copy of MBE,S_MODE_ENDIANNESS,yes,NORM_CSR_RW,enum,high,
machine.adoc,736,an implementation may make UBE be a read-only copy of either MBE or SBE,U_MODE_ENDIANNESS,yes,NORM_CSR_RW,enum,high,
machine.adoc,773,The TVM (Trap Virtual Memory) bit is a *WARL* field,MSTATUS_TVM_IMPLEMENTED,yes,NORM_CSR_RW,binary,high,
machine.adoc,787,The TW (Timeout Wait) bit is a *WARL* field,MSTATUS_TW_IMPLEMENTED,no,NORM_CSR_RW,binary,high,newly discovered
machine.adoc,804,The TSR (Trap SRET) bit is a *WARL* field,MSTATUS_TSR_IMPLEMENTED,no,NORM_CSR_RW,binary,high,newly discovered
machine.adoc,820,The FS[1:0] and VS[1:0] *WARL* fields,MSTATUS_FS_LEGAL_VALUES,yes,NORM_CSR_WARL,set,high,
machine.adoc,820,The FS[1:0] and VS[1:0] *WARL* fields,MSTATUS_VS_LEGAL_VALUES,yes,NORM_CSR_WARL,set,high,
machine.adoc,1012,it is implementation-defined whether FS transitions to Dirty,HW_MSTATUS_FS_DIRTY_UPDATE,yes,SW_RULE,enum,medium,
machine.adoc,1020,it is implementation-defined whether an instruction that writes a vector register or vector CSR but does not alter its contents causes VS to transition to Dirty,HW_MSTATUS_VS_DIRTY_UPDATE,yes,SW_RULE,enum,medium,
machine.adoc,1217,"The `mtvec` register must always be implemented, but can contain a read-only value.",MTVEC_ACCESS,yes,NORM_CSR_RW,binary,high,
machine.adoc,1219,"If `mtvec` is writable, the set of values the register may hold can vary by implementation.",MTVEC_MODES,yes,NORM_CSR_WARL,set,high,
machine.adoc,1221,The value in the BASE field must always be aligned on a 4-byte boundary,MTVEC_BASE_ALIGNMENT_DIRECT,yes,NORM_CSR_WARL,value,high,
machine.adoc,1222,the MODE setting may impose additional alignment constraints on the value in the BASE field,MTVEC_BASE_ALIGNMENT_VECTORED,yes,NORM_CSR_WARL,value,high,
machine.adoc,1336,"An implementation can choose to subset the delegatable traps, with the supported delegatable bits found by writing one to every bit location, then reading back the value",MEDELEG_DELEGATABLE_EXCEPTIONS,no,NORM_CSR_WARL,bitmask,high,newly discovered
machine.adoc,1336,"An implementation can choose to subset the delegatable traps, with the supported delegatable bits found by writing one to every bit location, then reading back the value",MIDELEG_DELEGATABLE_INTERRUPTS,no,NORM_CSR_WARL,bitmask,high,newly discovered
machine.adoc,1413,Each individual bit in register `mip` may be writable or may be read-only.,MIP_WRITABLE_BITS,no,NORM_CSR_RW,bitmask,high,newly discovered
machine.adoc,1419,A bit in `mie` must be writable if the corresponding interrupt can ever become pending.,MIE_WRITABLE_BITS,no,NORM_CSR_RW,bitmask,high,newly discovered
machine.adoc,1669,The counter-inhibit register `mcountinhibit` is a 32-bit *WARL* register that controls which of the hardware performance-monitoring counters increment.,COUNTINHIBIT_EN,yes,NORM_CSR_RW,bitmask,high,
machine.adoc,1756,"all fields are *WARL* and may be read-only zero, indicating reads to the corresponding counter will cause an illegal-instruction exception",MCOUNTEREN_FIELDS,no,NORM_CSR_RW,bitmask,high,newly discovered
machine.adoc,2044,"If `mtval` is written with a nonzero value when a breakpoint, address-misaligned, access-fault, page-fault, or hardware-error exception occurs on an instruction fetch, load, or store, then `mtval` will contain the faulting virtual address.",REPORT_VA_IN_MTVAL_ON_INSTRUCTION_ACCESS_FAULT,yes,NORM_DIRECT,binary,high,
machine.adoc,2079,The `mtval` register can optionally also be used to return the faulting instruction bits on an illegal-instruction exception,REPORT_ENCODING_IN_MTVAL_ON_ILLEGAL_INSTRUCTION,yes,NORM_DIRECT,binary,high,
machine.adoc,2139,"The `mconfigptr` register must be implemented, but it may be zero to indicate the configuration data structure does not exist",CONFIG_PTR_ADDRESS,yes,NORM_DIRECT,value,high,
machine.adoc,2244,The `CBIE` (Cache Block Invalidate instruction Enable) WARL field to `menvcfg` to control execution of the cache block invalidate instruction,MENVCFG_CBIE_LEGAL_VALUES,no,NORM_CSR_WARL,enum,high,newly discovered
machine.adoc,3340,"Implementations may implement zero, 16, or 64 PMP entries",NUM_PMP_ENTRIES,yes,NORM_DIRECT,enum,high,
machine.adoc,3341,All PMP CSR fields are WARL and may be read-only zero.,PMP_CSR_FIELDS_RW,no,NORM_CSR_RW,bitmask,high,newly discovered
machine.adoc,3370,"Not all physical address bits may be implemented, and so the pmpaddr registers are WARL.",PMPADDR_WARL_MASK,no,NORM_CSR_WARL,bitmask,high,newly discovered
machine.adoc,3384,"The R, W, and X fields form a collective WARL field for which the combinations with R=0 and W=1 are reserved.",PMP_RWX_WARL_VALUES,no,NORM_CSR_WARL,set,high,newly discovered
machine.adoc,3470,"Although the PMP mechanism supports regions as small as four bytes, platforms may specify coarser PMP regions. In general, the PMP grain is 2^G+2^ bytes and must be the same across all PMP regions.",PMP_GRANULARITY,yes,NORM_DIRECT,value,high,
priv-cfi.adoc,73,The software-check exception due to the instruction not being an `LPAD` instruction when `ELP` is `LP_EXPECTED` or a software-check exception caused by the `LPAD` instruction itself leads to a trap being delivered to the same or to a higher privilege mode.,REPORT_CAUSE_IN_STVAL_ON_LANDING_PAD_SOFTWARE_CHECK,yes,NORM_DIRECT,binary,medium,
priv-cfi.adoc,73,The software-check exception due to the instruction not being an `LPAD` instruction when `ELP` is `LP_EXPECTED` or a software-check exception caused by the `LPAD` instruction itself leads to a trap being delivered to the same or to a higher privilege mode.,REPORT_CAUSE_IN_VSTVAL_ON_LANDING_PAD_SOFTWARE_CHECK,yes,NORM_DIRECT,binary,medium,
priv-cfi.adoc,280,"If a shadow stack (SS) instruction raises an access-fault, page-fault, or guest-page-fault exception that is supposed to indicate the original instruction type (load or store/AMO), then the reported exception cause is respectively a store/AMO access fault (code 7), a store/AMO page fault (code 15), or a store/AMO guest-page fault (code 23).",REPORT_CAUSE_IN_MTVAL_ON_SHADOW_STACK_SOFTWARE_CHECK,yes,NORM_DIRECT,binary,medium,
priv-cfi.adoc,280,"If a shadow stack (SS) instruction raises an access-fault, page-fault, or guest-page-fault exception that is supposed to indicate the original instruction type (load or store/AMO), then the reported exception cause is respectively a store/AMO access fault (code 7), a store/AMO page fault (code 15), or a store/AMO guest-page fault (code 23).",REPORT_CAUSE_IN_STVAL_ON_SHADOW_STACK_SOFTWARE_CHECK,yes,NORM_DIRECT,binary,medium,
priv-cfi.adoc,280,"If a shadow stack (SS) instruction raises an access-fault, page-fault, or guest-page-fault exception that is supposed to indicate the original instruction type (load or store/AMO), then the reported exception cause is respectively a store/AMO access fault (code 7), a store/AMO page fault (code 15), or a store/AMO guest-page fault (code 23).",REPORT_CAUSE_IN_VSTVAL_ON_SHADOW_STACK_SOFTWARE_CHECK,yes,NORM_DIRECT,binary,medium,
priv-csrs.adoc,29,"The top two bits (csr[11:10]) indicate whether the register is read/write (`00`,`01`, or `10`) or read-only (`11`).",CSR_READ_WRITE_ENCODING,no,NORM_DIRECT,binary,high,newly discovered
priv-csrs.adoc,30,The next two bits (csr[9:8]) encode the lowest privilege level that can access the CSR.,CSR_PRIVILEGE_ENCODING,no,NORM_DIRECT,enum,high,newly discovered
priv-csrs.adoc,60,Implementations should raise illegal-instruction exceptions on machine-mode access to the latter set of registers.,DEBUG_CSR_ACCESS_EXCEPTION,no,NORM_DIRECT,binary,medium,newly discovered
priv-csrs.adoc,1095,"For forward compatibility, implementations that do not furnish these fields must make them read-only zero.",WPRI_FIELD_IMPLEMENTATION,no,NORM_CSR_RW,binary,high,newly discovered
priv-csrs.adoc,1125,Implementations are permitted but not required to raise an illegal-instruction exception if an instruction attempts to write a non-supported value to a *WLRL* field.,TRAP_ON_ILLEGAL_WLRL,yes,NORM_DIRECT,binary,high,
priv-csrs.adoc,1142,Implementations will not raise an exception on writes of unsupported values to a *WARL* field.,WARL_NO_EXCEPTION,no,NORM_DIRECT,binary,high,newly discovered
priv-intro.adoc,130,Implementations might provide anywhere from 1 to 3 privilege modes,NUM_PRIVILEGE_MODES,no,NORM_DIRECT,range,high,newly discovered
priv-intro.adoc,177,Implementations may also include a debug mode to support off-chip debugging and/or manufacturing test.,DEBUG_MODE_IMPLEMENTED,no,NORM_DIRECT,binary,high,newly discovered
rnmi.adoc,23,The RNMI interrupt trap handler address is implementation-defined.,RNMI_INTERRUPT_HANDLER_ADDRESS,no,NON_ISA,value,high,newly discovered
rnmi.adoc,25,"RNMI also has an associated exception trap handler address, which is implementation defined.",RNMI_EXCEPTION_HANDLER_ADDRESS,no,NON_ISA,value,high,newly discovered
rnmi.adoc,58,`mnepc` is a *WARL* register that must be able to hold all valid virtual addresses. It need not be capable of holding all possible invalid addresses.,MNEPC_WARL_VALUES,no,NORM_CSR_WARL,set,high,newly discovered
rv32.adoc,651,The EEI will define whether the memory system is little-endian or big-endian.,ENDIANNESS_LITTLE_OR_BIG,no,NON_ISA,binary,high,newly discovered
rv32.adoc,672,"Loads and stores whose effective address is not naturally aligned to the referenced datatype (i.e., the effective address is not divisible by the size of the access in bytes) have behavior dependent on the EEI.",MISALIGNED_LDST_EEI_DEPENDENT_BEHAVIOR,no,NON_ISA,enum,high,newly discovered
rv32.adoc,678,misaligned loads and stores can be handled in hardware,MISALIGNED_LDST_FULLY_HW_SUPPORTED,no,NORM_DIRECT,binary,high,newly discovered
rv32.adoc,679,via an invisible trap into the execution environment implementation,MISALIGNED_LDST,yes,NORM_DIRECT,binary,high,aligned via fuzzy_name to UDB MISALIGNED_LDST
rv32.adoc,680,combination of hardware and invisible trap depending on address,MISALIGNED_LDST_HW_OR_INVISIBLE_TRAP_FUNC_OF_ADDR,no,NORM_DIRECT,binary,high,newly discovered
rv32.adoc,683,loads and stores that are not naturally aligned may either complete execution successfully or raise an exception,MISALIGNED_LDST_FULLY_HW_SUPPORTED_OR_VISIBLE_TRAP,no,NORM_DIRECT,binary,high,newly discovered
rv32.adoc,691,"When an EEI does not guarantee misaligned loads and stores are handled invisibly, the EEI must define if exceptions caused by address misalignment result in a contained trap (allowing software running inside the execution environment to handle the trap) or a fatal trap (terminating execution).",MISALIGNED_LDST_CONTAINED_OR_FATAL_TRAP,no,NON_ISA,binary,high,newly discovered
rv64.adoc,16,"These ""*W"" instructions ignore the upper 32 bits of their inputs and always produce 32-bit signed values, sign-extending them to 64 bits, i.e. bits XLEN-1 through 31 are equal.",W_INSTRUCTION_BEHAVIOR,no,NORM_DIRECT,binary,high,newly discovered
rv64.adoc,68,"SLLIW, SRLIW, and SRAIW encodings with _imm[5] {ne} 0_ are reserved.",SLLIW_SRLIW_SRAIW_IMM5_HANDLING,no,NORM_DIRECT,binary,medium,newly discovered
rvwmo.adoc,103,A misaligned load or store instruction may be decomposed into a set of component memory operations of any granularity.,MISALIGNED_SPLIT_STRATEGY,yes,NORM_DIRECT,enum,high,
rvwmo.adoc,104,A floating-point load or store of more than XLEN bits may also be decomposed into a set of component memory operations of any granularity.,FP_WIDE_LOAD_STORE_SPLIT_STRATEGY,no,NORM_DIRECT,enum,high,newly discovered
scalar-crypto.adoc,1006,This instruction must _always_ be implemented such that its execution latency does not depend on the data being operated on.,AES32DSI_CONSTANT_TIME,no,NORM_DIRECT,binary,high,newly discovered
scalar-crypto.adoc,1044,This instruction must _always_ be implemented such that its execution latency does not depend on the data being operated on.,AES32DSMI_CONSTANT_TIME,no,NORM_DIRECT,binary,high,newly discovered
scalar-crypto.adoc,1081,This instruction must _always_ be implemented such that its execution latency does not depend on the data being operated on.,AES32ESI_CONSTANT_TIME,no,NORM_DIRECT,binary,high,newly discovered
scalar-crypto.adoc,1119,This instruction must _always_ be implemented such that its execution latency does not depend on the data being operated on.,AES32ESMI_CONSTANT_TIME,no,NORM_DIRECT,binary,high,newly discovered
scalar-crypto.adoc,1157,This instruction must _always_ be implemented such that its execution latency does not depend on the data being operated on.,AES64DS_CONSTANT_TIME,no,NORM_DIRECT,binary,high,newly discovered
scalar-crypto.adoc,1197,This instruction must _always_ be implemented such that its execution latency does not depend on the data being operated on.,AES64DSM_CONSTANT_TIME,no,NORM_DIRECT,binary,high,newly discovered
scalar-crypto.adoc,1237,This instruction must _always_ be implemented such that its execution latency does not depend on the data being operated on.,AES64ES_CONSTANT_TIME,no,NORM_DIRECT,binary,high,newly discovered
scalar-crypto.adoc,1277,This instruction must _always_ be implemented such that its execution latency does not depend on the data being operated on.,AES64ESM_CONSTANT_TIME,no,NORM_DIRECT,binary,high,newly discovered
scalar-crypto.adoc,1320,This instruction must _always_ be implemented such that its execution latency does not depend on the data being operated on.,AES64IM_CONSTANT_TIME,no,NORM_DIRECT,binary,high,newly discovered
scalar-crypto.adoc,1361,This instruction must _always_ be implemented such that its execution latency does not depend on the data being operated on.,AES64KS1I_CONSTANT_TIME,no,NORM_DIRECT,binary,high,newly discovered
scalar-crypto.adoc,1407,This instruction must _always_ be implemented such that its execution latency does not depend on the data being operated on.,AES64KS2_CONSTANT_TIME,no,NORM_DIRECT,binary,high,newly discovered
scalar-crypto.adoc,1936,This instruction must _always_ be implemented such that its execution latency does not depend on the data being operated on.,SHA256SIG0_CONSTANT_TIME,no,NORM_DIRECT,binary,high,newly discovered
scalar-crypto.adoc,1982,This instruction must _always_ be implemented such that its execution latency does not depend on the data being operated on.,SHA256SIG1_CONSTANT_TIME,no,NORM_DIRECT,binary,high,newly discovered
scalar-crypto.adoc,2028,This instruction must _always_ be implemented such that its execution latency does not depend on the data being operated on.,SHA256SUM0_CONSTANT_TIME,no,NORM_DIRECT,binary,high,newly discovered
scalar-crypto.adoc,2074,This instruction must _always_ be implemented such that its execution latency does not depend on the data being operated on.,SHA256SUM1_CONSTANT_TIME,no,NORM_DIRECT,binary,high,newly discovered
scalar-crypto.adoc,2119,This instruction must _always_ be implemented such that its execution latency does not depend on the data being operated on.,SHA512SIG0H_CONSTANT_TIME,no,NORM_DIRECT,binary,high,newly discovered
scalar-crypto.adoc,2169,This instruction must _always_ be implemented such that its execution latency does not depend on the data being operated on.,SHA512SIG0L_CONSTANT_TIME,no,NORM_DIRECT,binary,high,newly discovered
scalar-crypto.adoc,2219,This instruction must _always_ be implemented such that its execution latency does not depend on the data being operated on.,SHA512SIG1H_CONSTANT_TIME,no,NORM_DIRECT,binary,high,newly discovered
scalar-crypto.adoc,2269,This instruction must _always_ be implemented such that its execution latency does not depend on the data being operated on.,SHA512SIG1L_CONSTANT_TIME,no,NORM_DIRECT,binary,high,newly discovered
scalar-crypto.adoc,2318,This instruction must _always_ be implemented such that its execution latency does not depend on the data being operated on.,SHA512SUM0R_CONSTANT_TIME,no,NORM_DIRECT,binary,high,newly discovered
scalar-crypto.adoc,2367,This instruction must _always_ be implemented such that its execution latency does not depend on the data being operated on.,SHA512SUM1R_CONSTANT_TIME,no,NORM_DIRECT,binary,high,newly discovered
scalar-crypto.adoc,2410,This instruction must _always_ be implemented such that its execution latency does not depend on the data being operated on.,SHA512SIG0_CONSTANT_TIME,no,NORM_DIRECT,binary,high,newly discovered
scalar-crypto.adoc,2450,This instruction must _always_ be implemented such that its execution latency does not depend on the data being operated on.,SHA512SIG1_CONSTANT_TIME,no,NORM_DIRECT,binary,high,newly discovered
scalar-crypto.adoc,2490,This instruction must _always_ be implemented such that its execution latency does not depend on the data being operated on.,SHA512SUM0_CONSTANT_TIME,no,NORM_DIRECT,binary,high,newly discovered
scalar-crypto.adoc,2530,This instruction must _always_ be implemented such that its execution latency does not depend on the data being operated on.,SHA512SUM1_CONSTANT_TIME,no,NORM_DIRECT,binary,high,newly discovered
scalar-crypto.adoc,2574,This instruction must _always_ be implemented such that its execution latency does not depend on the data being operated on.,SM3P0_CONSTANT_TIME,no,NORM_DIRECT,binary,high,newly discovered
scalar-crypto.adoc,2618,This instruction must _always_ be implemented such that its execution latency does not depend on the data being operated on.,SM3P1_CONSTANT_TIME,no,NORM_DIRECT,binary,high,newly discovered
scalar-crypto.adoc,2667,This instruction must _always_ be implemented such that its execution latency does not depend on the data being operated on.,SM4ED_CONSTANT_TIME,no,NORM_DIRECT,binary,high,newly discovered
scalar-crypto.adoc,2717,This instruction must _always_ be implemented such that its execution latency does not depend on the data being operated on.,SM4KS_CONSTANT_TIME,no,NORM_DIRECT,binary,high,newly discovered
scalar-crypto.adoc,3549,"The `seed` CSR is also access controlled by execution mode, and attempted read or write access will raise an illegal-instruction exception outside M mode unless access is explicitly granted.",SEED_CSR_ACCESS_CONTROL,no,NORM_DIRECT,binary,high,newly discovered
scalar-crypto.adoc,3635,An implementation of the entropy source should meet at least one of the following requirements sets in order to be considered a secure and safe design,ENTROPY_SOURCE_STANDARD_COMPLIANCE,no,NORM_DIRECT,enum,medium,newly discovered
scalar-crypto.adoc,3707,A virtual source is not an ISA compliance requirement. It is defined for the benefit of the RISC-V security ecosystem so that virtual systems may have a consistent level of security.,VIRTUAL_ENTROPY_SOURCE_IMPLEMENTED,no,NORM_DIRECT,binary,high,newly discovered
scalar-crypto.adoc,3779,"Implementations may implement `mseccfg` such that `[s,u]seed` is a read-only constant value `0`.",MSECCFG_SEED_BITS_IMPLEMENTED,no,NORM_CSR_RW,binary,high,newly discovered
scalar-crypto.adoc,3825,"Vendors do not have to implement all of the list's instructions to be Zkt compliant; however, if they claim to have Zkt and implement any of the listed instructions, it must have data-independent latency.",ZKT_INSTRUCTION_SUBSET,no,NORM_DIRECT,set,high,newly discovered
smcdeleg.adoc,124,"For implementations that support Smcdeleg, Sscofpmf, and Smaia, the local-counter-overflow interrupt (LCOFI) bit (bit 13) in each of CSRs `mvip` and `mvien` is implemented and writable.",MVIP_LCOFI_IMPLEMENTED,no,NORM_DIRECT,binary,high,newly discovered
smcdeleg.adoc,127,"For implementations that support Smcdeleg/Ssccfg, Sscofpmf, Smaia/Ssaia, and the H extension, the LCOFI bit (bit 13) in each of `hvip` and `hvien` is implemented and writable.",HVIP_LCOFI_IMPLEMENTED,no,NORM_DIRECT,binary,high,newly discovered
smcdeleg.adoc,135,"It is optional whether the LCOFI bit (bit 13) in each of `mideleg` and `hideleg`, which allows all LCOFIs to be delegated to S-mode and VS-mode, respectively, is implemented and writable.",MIDELEG_LCOFI_IMPLEMENTED,no,NORM_CSR_RW,binary,high,newly discovered
smcntrpmf.adoc,35,"For each bit in 61:58, if the associated privilege mode is not implemented, the bit is read-only zero.",MCYCLECFG_PRIVILEGE_MODE_BITS,no,NORM_CSR_RW,bitmask,high,newly discovered
smcntrpmf.adoc,46,the change of privilege mode may be reported as occurring in any one of those cycles (possibly different for each occurrence of a trap or trap return).,CYCLE_COUNT_MODE_TRANSITION_TIMING,no,NORM_DIRECT,enum,medium,newly discovered
smctr.adoc,9,The number of records that can be held in the buffer depends upon both the implementation (the maximum supported depth) and the CTR configuration (the software selected depth).,CTR_MAX_DEPTH,no,NORM_DIRECT,value,high,newly discovered
smctr.adoc,118,"All fields are optional except for M, S, U, and BPFRZ. All unimplemented fields are read-only 0, while all implemented fields are writable. If the Sscofpmf extension is implemented, LCOFIFRZ must be writable.",MCTRCTL_FIELD_SUPPORT,no,NORM_CSR_RW,bitmask,high,newly discovered
smctr.adoc,179,It is implementation-specific which DEPTH value(s) are supported.,SCTRDEPTH_SUPPORTED_VALUES,no,NORM_CSR_WARL,set,high,newly discovered
smctr.adoc,267,The optional MISP bit is set by the hardware when the recorded transfer is an instruction whose target or taken/not-taken direction was mispredicted by the branch predictor. MISP is read-only 0 when not implemented.,CTRTARGET_MISP_SUPPORT,no,NORM_CSR_RW,binary,high,newly discovered
smctr.adoc,281,"This register must be implemented, though all fields within it are optional. Unimplemented fields are read-only 0.",CTRDATA_FIELD_SUPPORT,no,NORM_CSR_RW,bitmask,high,newly discovered
smctr.adoc,295,Implementations that do not support this field will report 0.,CTRDATA_TYPE_SUPPORT,no,NORM_CSR_RW,binary,high,newly discovered
smctr.adoc,471,"If external trap recording is implemented, mctrctl.MTE and sctrctl.STE must be implemented, while vsctrctl.STE must be implemented if the H extension is implemented.",CTR_EXTERNAL_TRAP_SUPPORT,no,NORM_DIRECT,binary,high,newly discovered
smctr.adoc,475,All transfer type filter bits are optional.,CTR_TRANSFER_TYPE_FILTER_SUPPORT,no,NORM_CSR_RW,bitmask,high,newly discovered
smctr.adoc,520,The ctrdata register may optionally include a count of CPU cycles elapsed since the prior CTR record.,CTR_CYCLE_COUNTING_SUPPORT,no,NORM_DIRECT,binary,high,newly discovered
smctr.adoc,540,"An implementation that supports cycle counting must implement CCV and all CCM bits, but may implement 0..4 exponent bits in CCE. Unimplemented CCE bits are read-only 0.",CTRDATA_CCE_WIDTH,no,NORM_CSR_RW,range,high,newly discovered
smctr.adoc,572,"When the optional __x__ctrctl.RASEMU bit is implemented and set to 1, transfer recording behavior is altered to emulate the behavior of a return-address stack (RAS).",CTR_RASEMU_SUPPORT,no,NORM_CSR_RW,binary,high,newly discovered
smdbltrp.adoc,13,The extension introduces a mechanism to enter Debug Mode instead of asserting a critical-error signal to the platform when the hart is in a critical error state.,SMDBLTRP_DEBUG_MODE_ON_CRITICAL_ERROR,no,NORM_DIRECT,binary,medium,newly discovered
smstateen.adoc,95,"When a `stateen` CSR prevents access to state for a privilege mode, attempting to execute in that privilege mode an instruction that _implicitly_ updates the state without reading it may or may not raise an illegal-instruction or virtual-instruction exception.",STATEEN_IMPLICIT_UPDATE_EXCEPTION,no,NORM_DIRECT,binary,medium,newly discovered
smstateen.adoc,130,"Each standard-defined bit of a `stateen` CSR is WARL and may be read-only zero or one, subject to the following conditions.",HSTATEEN_AIA_TYPE,yes,NORM_CSR_RW,enum,high,
smstateen.adoc,130,"Each standard-defined bit of a `stateen` CSR is WARL and may be read-only zero or one, subject to the following conditions.",HSTATEEN_CONTEXT_TYPE,yes,NORM_CSR_RW,enum,high,
smstateen.adoc,130,"Each standard-defined bit of a `stateen` CSR is WARL and may be read-only zero or one, subject to the following conditions.",HSTATEEN_C_TYPE,no,NORM_CSR_RW,enum,high,newly discovered
smstateen.adoc,130,"Each standard-defined bit of a `stateen` CSR is WARL and may be read-only zero or one, subject to the following conditions.",HSTATEEN_ENVCFG_TYPE,yes,NORM_CSR_RW,enum,high,
smstateen.adoc,130,"Each standard-defined bit of a `stateen` CSR is WARL and may be read-only zero or one, subject to the following conditions.",HSTATEEN_FCSR_TYPE,no,NORM_CSR_RW,enum,high,newly discovered
smstateen.adoc,130,"Each standard-defined bit of a `stateen` CSR is WARL and may be read-only zero or one, subject to the following conditions.",HSTATEEN_IMSIC_TYPE,yes,NORM_CSR_RW,enum,high,
smstateen.adoc,130,"Each standard-defined bit of a `stateen` CSR is WARL and may be read-only zero or one, subject to the following conditions.",HSTATEEN_JVT_TYPE,yes,NORM_CSR_RW,enum,high,
smstateen.adoc,130,"Each standard-defined bit of a `stateen` CSR is WARL and may be read-only zero or one, subject to the following conditions.",MSTATEEN_AIA_TYPE,yes,NORM_CSR_RW,enum,high,
smstateen.adoc,130,"Each standard-defined bit of a `stateen` CSR is WARL and may be read-only zero or one, subject to the following conditions.",MSTATEEN_CONTEXT_TYPE,yes,NORM_CSR_RW,enum,high,
smstateen.adoc,130,"Each standard-defined bit of a `stateen` CSR is WARL and may be read-only zero or one, subject to the following conditions.",MSTATEEN_CTR_TYPE,no,NORM_CSR_RW,enum,high,newly discovered
smstateen.adoc,130,"Each standard-defined bit of a `stateen` CSR is WARL and may be read-only zero or one, subject to the following conditions.",MSTATEEN_C_TYPE,no,NORM_CSR_RW,enum,high,newly discovered
smstateen.adoc,130,"Each standard-defined bit of a `stateen` CSR is WARL and may be read-only zero or one, subject to the following conditions.",MSTATEEN_ENVCFG_TYPE,yes,NORM_CSR_RW,enum,high,
smstateen.adoc,130,"Each standard-defined bit of a `stateen` CSR is WARL and may be read-only zero or one, subject to the following conditions.",MSTATEEN_FCSR_TYPE,no,NORM_CSR_RW,enum,high,newly discovered
smstateen.adoc,130,"Each standard-defined bit of a `stateen` CSR is WARL and may be read-only zero or one, subject to the following conditions.",MSTATEEN_IMSIC_TYPE,yes,NORM_CSR_RW,enum,high,
smstateen.adoc,130,"Each standard-defined bit of a `stateen` CSR is WARL and may be read-only zero or one, subject to the following conditions.",MSTATEEN_JVT_TYPE,yes,NORM_CSR_RW,enum,high,
smstateen.adoc,130,"Each standard-defined bit of a `stateen` CSR is WARL and may be read-only zero or one, subject to the following conditions.",MSTATEEN_P1P13_TYPE,no,NORM_CSR_RW,enum,high,newly discovered
smstateen.adoc,130,"Each standard-defined bit of a `stateen` CSR is WARL and may be read-only zero or one, subject to the following conditions.",MSTATEEN_SRMCFG_TYPE,no,NORM_CSR_RW,enum,high,newly discovered
smstateen.adoc,130,"Each standard-defined bit of a `stateen` CSR is WARL and may be read-only zero or one, subject to the following conditions.",SSTATEEN_JVT_TYPE,yes,NORM_CSR_RW,enum,high,
smstateen.adoc,159,Bit 63 of each `mstateen` CSR may be read-only zero only if the hypervisor extension is not implemented and the matching supervisor-level `sstateen` CSR is all read-only zeros.,MSTATEEN_SE0_TYPE,no,NORM_CSR_RW,enum,high,newly discovered
smstateen.adoc,164,Bit 63 of each `hstateen` CSR is always writable (not read-only).,HSTATEEN_SE0_TYPE,no,NORM_DIRECT,value,high,newly discovered
sscofpmf.adoc,47,"For each ``x``INH bit, if the associated privilege mode is not implemented, the bit is read-only zero.",MHPMEVENT_XINH_IMPLEMENTED,no,NORM_CSR_RW,bitmask,high,newly discovered
ssdbltrp.adoc,10,The Ssdbltrp extension adds the `menvcfg`.DTE (See <<sec:menvcfg>>) and the `sstatus`.SDT fields (See <<sstatus>>).,SSDBLTRP_EXTENSION,no,NORM_DIRECT,binary,high,newly discovered
ssdbltrp.adoc,11,"If the hypervisor extension is additionally implemented, then the extension adds the `henvcfg`.DTE (See <<sec:henvcfg>>) and the `vsstatus`.SDT fields (See <<vsstatus>>).",HYPERVISOR_EXTENSION,no,NORM_DIRECT,binary,high,newly discovered
supervisor.adoc,127,"When SXLEN=64, it is a *WARL* field that encodes the current value of UXLEN. In particular, an implementation may make UXL be a read-only field whose value always ensures that UXLEN=SXLEN.",SSTATUS_UXL_WARL,no,NORM_CSR_WARL,enum,high,newly discovered
supervisor.adoc,142,"When such a HINT is executed with XLEN < SXLEN and bits SXLEN..XLEN of the destination register not all equal to bit XLEN-1, it is implementation-defined whether bits SXLEN..XLEN of the destination register are unchanged or are overwritten with copies of bit XLEN-1.",HINT_SXLEN_PARAM,no,NORM_DIRECT,binary,high,newly discovered
supervisor.adoc,189,SUM is read-only 0 if `satp`.MODE is read-only 0.,SSTATUS_SUM_RO_WHEN_SATP_BARE,no,NORM_CSR_RW,binary,high,newly discovered
supervisor.adoc,456,Each individual bit in register `sip` may be writable or may be read-only.,SIP_WRITABLE_BITS,no,NORM_CSR_RW,bitmask,high,newly discovered
supervisor.adoc,463,A bit in `sie` must be writable if the corresponding interrupt can ever become pending. Bits of `sie` that are not writable are read-only zero.,SIE_WRITABLE_BITS,no,NORM_CSR_RW,bitmask,high,newly discovered
supervisor.adoc,540,"Each standard interrupt type (SEI, STI, SSI, or LCOFI) may not be implemented, in which case the corresponding interrupt-pending and interrupt-enable bits are read-only zeros.",STANDARD_INTERRUPT_TYPES_IMPLEMENTED,no,NORM_CSR_RW,set,high,newly discovered
supervisor.adoc,543,"All bits in `sip` and `sie` are *WARL* fields. The implemented interrupts may be found by writing one to every bit location in `sie`, then reading back to see which bit positions hold a one.",SIP_SIE_WARL_VALUES,no,NORM_CSR_WARL,bitmask,high,newly discovered
supervisor.adoc,598,"`scounteren` must be implemented. However, any of the bits may be read-only zero, indicating reads to the corresponding counter will cause an exception when executing in U-mode. Hence, they are effectively *WARL* fields.",SCOUNTENABLE_EN,yes,NORM_CSR_RW,bitmask,high,
supervisor.adoc,641,`sepc` is a *WARL* register that must be able to hold all valid virtual addresses. It need not be capable of holding all possible invalid addresses.,SEPC_WARL_VALUES,no,NORM_CSR_WARL,set,high,newly discovered
supervisor.adoc,672,"The Exception Code is a *WLRL* field. It is required to hold the values 0–31 (i.e., bits 4–0 must be implemented), but otherwise it is only guaranteed to hold supported exception codes.",SCAUSE_EXCEPTION_CODE_WARL,no,NORM_CSR_WARL,set,high,newly discovered
supervisor.adoc,720,"If `stval` is written with a nonzero value when a breakpoint, address-misaligned, access-fault, page-fault, or hardware-error exception occurs on an instruction fetch, load, or store, then `stval` will contain the faulting virtual address.",REPORT_VA_IN_STVAL_ON_BREAKPOINT,yes,NORM_DIRECT,binary,medium,
supervisor.adoc,720,"If `stval` is written with a nonzero value when a breakpoint, address-misaligned, access-fault, page-fault, or hardware-error exception occurs on an instruction fetch, load, or store, then `stval` will contain the faulting virtual address.",REPORT_VA_IN_STVAL_ON_INSTRUCTION_ACCESS_FAULT,yes,NORM_DIRECT,binary,medium,
supervisor.adoc,720,"If `stval` is written with a nonzero value when a breakpoint, address-misaligned, access-fault, page-fault, or hardware-error exception occurs on an instruction fetch, load, or store, then `stval` will contain the faulting virtual address.",REPORT_VA_IN_STVAL_ON_INSTRUCTION_MISALIGNED,yes,NORM_DIRECT,binary,medium,
supervisor.adoc,720,"If `stval` is written with a nonzero value when a breakpoint, address-misaligned, access-fault, page-fault, or hardware-error exception occurs on an instruction fetch, load, or store, then `stval` will contain the faulting virtual address.",REPORT_VA_IN_STVAL_ON_INSTRUCTION_PAGE_FAULT,yes,NORM_DIRECT,binary,medium,
supervisor.adoc,720,"If `stval` is written with a nonzero value when a breakpoint, address-misaligned, access-fault, page-fault, or hardware-error exception occurs on an instruction fetch, load, or store, then `stval` will contain the faulting virtual address.",REPORT_VA_IN_STVAL_ON_LOAD_ACCESS_FAULT,yes,NORM_DIRECT,binary,medium,
supervisor.adoc,720,"If `stval` is written with a nonzero value when a breakpoint, address-misaligned, access-fault, page-fault, or hardware-error exception occurs on an instruction fetch, load, or store, then `stval` will contain the faulting virtual address.",REPORT_VA_IN_STVAL_ON_LOAD_MISALIGNED,yes,NORM_DIRECT,binary,medium,
supervisor.adoc,720,"If `stval` is written with a nonzero value when a breakpoint, address-misaligned, access-fault, page-fault, or hardware-error exception occurs on an instruction fetch, load, or store, then `stval` will contain the faulting virtual address.",REPORT_VA_IN_STVAL_ON_LOAD_PAGE_FAULT,yes,NORM_DIRECT,binary,medium,
supervisor.adoc,720,"If `stval` is written with a nonzero value when a breakpoint, address-misaligned, access-fault, page-fault, or hardware-error exception occurs on an instruction fetch, load, or store, then `stval` will contain the faulting virtual address.",REPORT_VA_IN_STVAL_ON_STORE_AMO_ACCESS_FAULT,yes,NORM_DIRECT,binary,medium,
supervisor.adoc,720,"If `stval` is written with a nonzero value when a breakpoint, address-misaligned, access-fault, page-fault, or hardware-error exception occurs on an instruction fetch, load, or store, then `stval` will contain the faulting virtual address.",REPORT_VA_IN_STVAL_ON_STORE_AMO_MISALIGNED,yes,NORM_DIRECT,binary,medium,
supervisor.adoc,720,"If `stval` is written with a nonzero value when a breakpoint, address-misaligned, access-fault, page-fault, or hardware-error exception occurs on an instruction fetch, load, or store, then `stval` will contain the faulting virtual address.",REPORT_VA_IN_STVAL_ON_STORE_AMO_PAGE_FAULT,yes,NORM_DIRECT,binary,medium,
supervisor.adoc,747,The `stval` register can optionally also be used to return the faulting instruction bits on an illegal-instruction exception (`sepc` points to the faulting instruction in memory).,REPORT_ENCODING_IN_STVAL_ON_ILLEGAL_INSTRUCTION,yes,NORM_DIRECT,binary,high,
supervisor.adoc,773,`stval` is a *WARL* register that must be able to hold all valid virtual addresses and the value 0. It need not be capable of holding all possible invalid addresses.,STVAL_WARL_VALUES,no,NORM_CSR_WARL,set,high,newly discovered
supervisor.adoc,1001,"If `satp`.MODE is read-only zero (always Bare), the implementation may make FIOM read-only zero.",SENVCFG_FIOM_RO_WHEN_SATP_BARE,no,NORM_CSR_RW,binary,high,newly discovered
supervisor.adoc,1037,"When the Zicboz extension is not implemented, `CBZE` is read-only zero.",SENVCFG_CBZE_IMPLEMENTED,no,NORM_CSR_RW,binary,high,newly discovered
supervisor.adoc,1044,"When the Zicbom extension is not implemented, `CBCFE` is read-only zero.",SENVCFG_CBCFE_IMPLEMENTED,no,NORM_CSR_RW,binary,high,newly discovered
supervisor.adoc,1049,The `CBIE` (Cache Block Invalidate instruction Enable) WARL field to `senvcfg` to control execution of the `CBO.INVAL` instruction in U-mode.,SENVCFG_CBIE_WARL,no,NORM_CSR_WARL,enum,high,newly discovered
supervisor.adoc,1050,"When the Zicbom extension is not implemented, `CBIE` is read-only zero.",SENVCFG_CBIE_IMPLEMENTED,no,NORM_CSR_RW,binary,high,newly discovered
supervisor.adoc,1067,"If Ssnpm is not implemented, `PMM` is read-only zero. The `PMM` field is read-only zero for RV32.",SENVCFG_PMM_IMPLEMENTED,no,NORM_CSR_RW,binary,high,newly discovered
supervisor.adoc,1169,"When SXLEN=64, three paged virtual-memory schemes are defined: Sv39, Sv48, and Sv57, described in <<sv39>>, <<sv48>>, and <<sv57>>, respectively.",SV39_VSMODE_TRANSLATION,yes,NORM_CSR_WARL,binary,high,
supervisor.adoc,1169,"When SXLEN=64, three paged virtual-memory schemes are defined: Sv39, Sv48, and Sv57, described in <<sv39>>, <<sv48>>, and <<sv57>>, respectively.",SV48_VSMODE_TRANSLATION,yes,NORM_CSR_WARL,binary,high,
supervisor.adoc,1169,"When SXLEN=64, three paged virtual-memory schemes are defined: Sv39, Sv48, and Sv57, described in <<sv39>>, <<sv48>>, and <<sv57>>, respectively.",SV57_VSMODE_TRANSLATION,yes,NORM_CSR_WARL,binary,high,
supervisor.adoc,1174,"Implementations are not required to support all MODE settings, and if `satp` is written with an unsupported MODE, the entire write has no effect; no fields in `satp` are modified.",SATP_MODE_BARE,yes,NORM_CSR_WARL,binary,high,
supervisor.adoc,1177,"The number of ASID bits is UNSPECIFIED and may be zero. The number of implemented ASID bits, termed _ASIDLEN_, may be determined by writing one to every bit position in the ASID field, then reading back the value in `satp` to see which bit positions in the ASID field hold a one.",ASID_WIDTH,yes,NORM_DIRECT,range,high,
supervisor.adoc,1520,"For implementations that make `satp`.MODE read-only zero (always Bare), attempts to execute an SFENCE.VMA instruction might raise an illegal-instruction exception.",TRAP_ON_SFENCE_VMA_WHEN_SATP_MODE_IS_READ_ONLY,yes,NORM_DIRECT,binary,high,
supervisor.adoc,1540,The 20-bit VPN is translated into a 22-bit physical page number (PPN),SATP_PPN_SV32_SIZE,no,NORM_DIRECT,value,high,newly discovered
supervisor.adoc,1925,The 27-bit VPN is translated into a 44-bit PPN via a three-level page table,SATP_PPN_SV39_SV48_SV57_SIZE,no,NORM_DIRECT,value,high,newly discovered
supervisor.adoc,2577,Both `RCID` and `MCID` are WARL fields.,SRMCFG_MCID_WARL,no,NORM_CSR_WARL,range,high,newly discovered
supervisor.adoc,2577,Both `RCID` and `MCID` are WARL fields.,SRMCFG_RCID_WARL,no,NORM_CSR_WARL,range,high,newly discovered
unpriv-cfi.adoc,67,The `LPAD` instruction (See <<LP_INST>>) is encoded using the `AUIPC` major opcode with _rd_=`x0`.,ZICFILP_LPAD_ENCODING,no,NORM_DIRECT,binary,high,newly discovered
unpriv-cfi.adoc,158,"To support labeled landing pads, the indirect call/jump sites establish an expected landing pad label (e.g., using the `LUI` instruction) in the bits 31:12 of the `x7` register.",ZICFILP_LABEL_SUPPORT,no,NORM_DIRECT,binary,medium,newly discovered
unpriv-cfi.adoc,160,"The `LPAD` instruction is encoded with a 20-bit immediate value called the landing-pad-label (`LPL`) that is matched to the expected landing pad label. When `LPL` is encoded as zero, the `LPAD` instruction does not perform the label check and in programs built with this single label mode of operation the indirect call/jump sites do not need to establish an expected landing pad label value in `x7`.",ZICFILP_LPL_ENCODING,no,NORM_DIRECT,range,high,newly discovered
unpriv-cfi.adoc,194,"When Zicfilp is enabled, `LPAD` is the only instruction allowed to execute when the `ELP` state is `LP_EXPECTED`. If Zicfilp is not enabled then the instruction is a no-op.",ZICFILP_ENABLED,no,NORM_DIRECT,binary,high,newly discovered
unpriv-cfi.adoc,195,"If Zicfilp is enabled, the `LPAD` instruction causes a software-check exception with `__x__tval` set to ""landing pad fault (code=2)""",REPORT_CAUSE_IN_MTVAL_ON_LANDING_PAD_SOFTWARE_CHECK,yes,NORM_DIRECT,binary,high,
unpriv-cfi.adoc,198,The `pc` is not 4-byte aligned and `ELP` is `LP_EXPECTED`.,ZICFILP_LPAD_ALIGNMENT_REQUIREMENT,no,NORM_DIRECT,value,high,newly discovered
unpriv-cfi.adoc,199,The `ELP` is `LP_EXPECTED` and the `LPL` is not zero and the `LPL` does not match the expected landing pad label in bits 31:12 of the `x7` register.,ZICFILP_LABEL_MATCHING,no,NORM_DIRECT,binary,high,newly discovered
unpriv-cfi.adoc,268,"When Zicfiss is enabled, each function that needs to spill the link register, typically non-leaf functions, store the link register value to the regular stack and a shadow copy of the link register value to the shadow stack when the function is entered (the prologue).",ZICFISS_ENABLED,no,NORM_DIRECT,binary,high,newly discovered
unpriv-cfi.adoc,270,"When such a function returns (the epilogue), the function loads the link register from the regular stack and the shadow copy of the link register from the shadow stack.",ZICFISS_LINK_REG_RESTORE,no,NORM_DIRECT,binary,medium,newly discovered
unpriv-cfi.adoc,271,"Then, the link register value from the regular stack and the shadow link register value from the shadow stack are compared. A mismatch of the two values is indicative of a subversion of the return address control variable and causes a software-check exception.",ZICFISS_STACK_COMPARISON,no,NORM_DIRECT,binary,high,newly discovered
unpriv-cfi.adoc,274,"The Zicfiss instructions, except `SSAMOSWAP.W/D`, are encoded using a subset of May-Be-Operation instructions defined by the Zimop and Zcmop extensions.",ZICFISS_INSTRUCTION_ENCODING,no,NORM_DIRECT,binary,high,newly discovered
unpriv-cfi.adoc,300,`SSPUSH x1` and `SSPUSH x5` - encoded using `MOP.RR.7`,ZICFISS_SSPUSH_ENCODING,no,NORM_DIRECT,enum,high,newly discovered
unpriv-cfi.adoc,301,`C.SSPUSH x1` - encoded using `C.MOP.1`,ZICFISS_C_SSPUSH_ENCODING,no,NORM_DIRECT,binary,high,newly discovered
unpriv-cfi.adoc,304,`SSPOPCHK x1` and `SSPOPCHK x5` - encoded using `MOP.R.28`,ZICFISS_SSPOPCHK_ENCODING,no,NORM_DIRECT,enum,high,newly discovered
unpriv-cfi.adoc,305,`C.SSPOPCHK x5` - encoded using `C.MOP.5`,ZICFISS_C_SSPOPCHK_ENCODING,no,NORM_DIRECT,binary,high,newly discovered
unpriv-cfi.adoc,308,`SSRDP` - encoded using `MOP.R.28`,ZICFISS_SSRDP_ENCODING,no,NORM_DIRECT,binary,high,newly discovered
unpriv-cfi.adoc,310,Perform an atomic swap from a shadow stack location (See <<SSAMOSWAP>>),ZICFISS_SSAMOSWAP_SUPPORT,no,NORM_DIRECT,binary,high,newly discovered
unpriv-cfi.adoc,318,The `ssp` CSR is an unprivileged read-write (URW) CSR that reads and writes `XLEN` low order bits of the shadow stack pointer (`ssp`).,SSP_CSR_ACCESS,no,NORM_CSR_RW,binary,high,newly discovered
unpriv-cfi.adoc,319,The CSR address is 0x011.,SSP_CSR_ADDRESS,no,NORM_DIRECT,value,high,newly discovered
unpriv-cfi.adoc,320,There is no high CSR defined as the `ssp` is always as wide as the `XLEN` of the current privilege mode.,SSP_CSR_WIDTH,no,NORM_DIRECT,value,high,newly discovered
unpriv-cfi.adoc,321,"The bits 1:0 of `ssp` are read-only zero. If the UXLEN or SXLEN may never be 32, then the bit 2 is also read-only zero.",SSP_CSR_RO_BITS,no,NORM_CSR_RW,bitmask,high,newly discovered
unpriv-cfi.adoc,680,"For RV32, `SSAMOSWAP.W` atomically loads a 32-bit data value from address of a shadow stack location in `rs1`, puts the loaded value into register `rd`, and stores the 32-bit value held in `rs2` to the original address in `rs1`.",RV32_SSAMOSWAP_W_OPERATION,no,NORM_DIRECT,binary,high,newly discovered
unpriv-cfi.adoc,695,"For RV64, `SSAMOSWAP.W` atomically loads a 32-bit data value from address of a shadow stack location in `rs1`, sign-extends the loaded value and puts it in `rd`, and stores the lower 32 bits of the value held in `rs2` to the original address in `rs1`.",RV64_SSAMOSWAP_W_OPERATION,no,NORM_DIRECT,binary,high,newly discovered
unpriv-cfi.adoc,708,"Just as for AMOs in the A extension, `SSAMOSWAP.W/D` requires that the address held in `rs1` be naturally aligned to the size of the operand (i.e., eight-byte aligned for __doublewords__, and four-byte aligned for __words__).",SSAMOSWAP_ALIGNMENT_REQUIREMENT,no,NORM_DIRECT,enum,high,newly discovered
v-st-ext.adoc,22,"The maximum size in bits of a vector element that any operation can produce or consume, _ELEN_ {ge} 8, which must be a power of 2.",ELEN,yes,NORM_DIRECT,value,high,
v-st-ext.adoc,23,"The number of bits in a single vector register, _VLEN_ {ge} ELEN, which must be a power of 2, and must be no greater than 2^16^.",VLEN,yes,NORM_DIRECT,value,high,
v-st-ext.adoc,108,Implementations may have a writable `misa.V` field.,MUTABLE_MISA_V,yes,NORM_CSR_RW,binary,high,
v-st-ext.adoc,109,"Analogous to the way in which the floating-point unit is handled, the `mstatus.VS` field may exist even if `misa.V` is clear.",MSTATUS_VS_EXISTS,no,NORM_DIRECT,binary,high,newly discovered
v-st-ext.adoc,138,"For implementations with a writable `misa.V` field, the `vsstatus.VS` field may exist even if `misa.V` is clear.",VSSTATUS_VS_EXISTS,no,NORM_DIRECT,binary,high,newly discovered
v-st-ext.adoc,159,"A small implementation supporting ELEN=32 requires only seven bits of state in `vtype`: two bits for `ma` and `ta`, two bits for `vsew[1:0]` and three bits for `vlmul[2:0]`. The illegal value represented by `vill` can be internally encoded using the illegal 64-bit combination in `vsew[1:0]` without requiring an additional storage bit to hold `vill`.",VILL_IMPLICIT_ENCODING,no,NORM_DIRECT,binary,medium,newly discovered
v-st-ext.adoc,244,"Implementations must support LMUL integer values of 1, 2, 4, and 8.",LMUL_SUPPORT,no,NORM_CSR_WARL,set,high,newly discovered
v-st-ext.adoc,268,Implementations must provide fractional LMUL settings that allow the narrowest supported type to occupy a fraction of a vector register corresponding to the ratio of the narrowest supported type's width to that of the largest supported type's width.,FRACTIONAL_LMUL_SUPPORT,no,NORM_CSR_WARL,set,high,newly discovered
v-st-ext.adoc,280,"For a given supported fractional LMUL setting, implementations must support SEW settings between SEW~MIN~ and LMUL * ELEN, inclusive.",SEW_LMUL_CONSTRAINTS,no,NORM_CSR_WARL,set,high,newly discovered
v-st-ext.adoc,1297,Use of the instructions with a new SEW/LMUL ratio that would result in a change of VLMAX is reserved. Use of the instructions is also reserved if `vill` was 1 beforehand. Implementations may set `vill` in either case.,RESERVED_VILL_SET,no,NORM_DIRECT,binary,medium,newly discovered
v-st-ext.adoc,1439,All vector loads and stores may generate and accept a non-zero `vstart` value.,VECTOR_LS_VSTART,no,NORM_DIRECT,binary,medium,newly discovered
v-st-ext.adoc,1756,Load instructions may overwrite active destination vector register group elements past the element index at which the trap is reported.,VECTOR_LS_OVERWRITE_PAST_TRAP,no,NORM_DIRECT,binary,high,newly discovered
v-st-ext.adoc,1757,"Similarly, fault-only-first load instructions may update active destination elements past the element that causes trimming of the vector length (but not past the original vector length).",VECTOR_FF_PAST_TRAP,no,NORM_DIRECT,binary,high,newly discovered
v-st-ext.adoc,1936,"If a trap occurs during access to a segment, it is implementation-defined whether a subset of the faulting segment's accesses are performed before the trap is taken.",VECTOR_LS_SEG_PARTIAL_ACCESS,no,NORM_DIRECT,binary,high,newly discovered
v-st-ext.adoc,2003,"In both cases, it is implementation-defined whether a subset of the segment is loaded.",VECTOR_FF_SEG_PARTIAL_ACCESS,no,NORM_DIRECT,binary,high,newly discovered
v-st-ext.adoc,2006,These instructions may overwrite destination vector register group elements past the point at which a trap is reported or past the point at which vector length is trimmed.,VECTOR_LS_SEG_FF_OVERLOAD,no,NORM_DIRECT,binary,high,newly discovered
v-st-ext.adoc,2088,Implementations are allowed to raise a misaligned address exception on whole register loads and stores if the base address is not naturally aligned to the larger of the size of the encoded EEW in bytes (EEW/8) or the implementation's smallest supported SEW size in bytes (SEW~MIN~/8).,VECTOR_LS_WHOLEREG_MISSALIGNED_EXCEPTION,no,NORM_DIRECT,binary,high,newly discovered
v-st-ext.adoc,2127,"If an element accessed by a vector memory instruction is not naturally aligned to the size of the element, either the element is transferred successfully or an address-misaligned exception is raised on that element.",VECTOR_LS_MISSALIGNED_EXCEPTION,no,NORM_DIRECT,binary,high,newly discovered
v-st-ext.adoc,4962,Any of these extensions can be added to base ISAs with XLEN=32 or XLEN=64.,ZVE_XLEN_SUPPORT,no,NORM_DIRECT,set,high,newly discovered
v-st-ext.adoc,5166,Vector instructions with EGS > VLMAX are reserved.,VLMAX,no,NORM_DIRECT,value,high,newly discovered
v-st-ext.adoc,5180,"When an operand is a vector of element groups, the `vl` setting must correspond to an integer multiple of the element group size, with other values of `vl` reserved.",EGS_VL_CONSTRAINT,no,NORM_DIRECT,binary,high,newly discovered
v-st-ext.adoc,5186,"When AVL > VLMAX, the value of `vl` must be set to either VLMAX or a positive integer multiple of EGSMAX.",EGSMAX_VL_CONSTRAINT,no,NORM_DIRECT,binary,high,newly discovered
vector-crypto.adoc,189,"For all of the vector crypto instructions in this specification, `EEW`=`SEW`.",VECCRYPTO_EEW_EQUALS_SEW,no,NORM_DIRECT,binary,high,newly discovered
vector-crypto.adoc,218,"Since `vl` and `vstart` refer to elements, Vector Crypto instructions that use elements groups require that these values are an integer multiple of the Element Group Size (`EGS`).",VECCRYPTO_VL_VSTART_EGS_CONSTRAINT,no,NORM_DIRECT,binary,high,newly discovered
vector-crypto.adoc,225,"For element-group instructions, `LMUL`*`VLEN` must always be at least as large as `EGW`, otherwise an _illegal-instruction exception_ is raised, even if `vl`=0.",VECCRYPTO_LMUL_VLEN_EGW_CONSTRAINT,no,NORM_DIRECT,binary,high,newly discovered
vector-crypto.adoc,244,Some Vector Crypto instructions are only defined for a specific `SEW`. In such a case all other `SEW` values are _reserved_.,VECCRYPTO_SEW_SPECIFIC_RESERVED,no,NORM_DIRECT,binary,high,newly discovered
vector-crypto.adoc,395,"The Zvknhb and Zvbc Vector Crypto Extensions --and accordingly the composite extensions Zvkn, Zvknc, Zvkng, and Zvksc-- depend on Zve64x.",ZVKNHB_ZVBC_ZVKN_ZVKNC_ZVKNG_ZVKSC_DEPENDENCY,no,NORM_DIRECT,binary,high,newly discovered
vector-crypto.adoc,398,All of the other Vector Crypto Extensions depend on `Zve32x`.,OTHER_VECTOR_CRYPTO_EXTENSIONS_DEPENDENCY,no,NORM_DIRECT,binary,high,newly discovered
vector-crypto.adoc,442,These instructions are only defined for `SEW`=64.,ZVBC_SEW64_ONLY,no,NORM_CSR_WARL,set,high,newly discovered
vector-crypto.adoc,3355,`SEW` is any value other than 32,VSHA2MS_SEW_SUPPORT,no,NORM_CSR_WARL,set,high,newly discovered
vector-crypto.adoc,3356,`SEW` is any value other than 32 or 64,VSHA2MS_SEW_SUPPORT_ZVKNHB,no,NORM_CSR_WARL,set,high,newly discovered
vector-crypto.adoc,3495,`SEW` is any value other than 32,VSM3C_SEW_SUPPORT,no,NORM_CSR_WARL,set,high,newly discovered
vector-crypto.adoc,3651,`SEW` is any value other than 32,VSM3ME_SEW_SUPPORT,no,NORM_CSR_WARL,set,high,newly discovered
vector-crypto.adoc,3759,`SEW` is any value other than 32,VSM4K_SEW_SUPPORT,no,NORM_CSR_WARL,set,high,newly discovered
vector-crypto.adoc,3943,`SEW` is any value other than 32,VSM4R_SEW_SUPPORT,no,NORM_CSR_WARL,set,high,newly discovered
zacas.adoc,139,And the same exception options apply if the address is not naturally aligned.,MISALIGNED_AMOCAS,no,NORM_DIRECT,enum,medium,newly discovered
zacas.adoc,150,An unsuccessful `AMOCAS.W/D/Q` may either not perform a memory write or may write back the old value loaded from memory.,AMOCAS_UNSUCCESSFUL_WRITE_BEHAVIOR,no,NORM_DIRECT,binary,high,newly discovered
zalasr.adoc,23,"If the address is not naturally aligned, an address-misaligned exception or an access-fault exception will be generated. The access-fault exception can be generated for a memory access that would otherwise be able to complete except for the misalignment, if the misaligned access should not be emulated.",ZALASR_MISALIGNED_BEHAVIOR,no,NORM_DIRECT,enum,high,newly discovered
zawrs.adoc,30,bounds the stall duration to an implementation-define short timeout,WRS_STO_TIMEOUT_DURATION,no,NORM_DIRECT,value,high,newly discovered
zawrs.adoc,60,"While stalled, an implementation is permitted to occasionally terminate the stall and complete execution for any reason.",WRS_EARLY_TERMINATION_POLICY,no,NORM_DIRECT,binary,medium,newly discovered
zawrs.adoc,67,it does not complete within an implementation-specific bounded time limit,WRS_NTO_TW_TIMEOUT,no,NORM_DIRECT,value,high,newly discovered
zawrs.adoc,73,the `WRS.NTO` does not complete within an implementation-specific bounded time limit,WRS_NTO_VTW_TIMEOUT,no,NORM_DIRECT,value,high,newly discovered
zc.adoc,1421,It is implementation defined whether interrupts can also be taken during the sequence execution.,INTERRUPTS_ALLOWED_IN_PUSHPOP,no,NORM_DIRECT,binary,high,newly discovered
zc.adoc,1442,"It is platform defined whether the core implementation waits for the bus responses before continuing to the final stage of the sequence, or handles errors responses after completing the PUSH instruction.",PUSHPOP_BUS_FAULT_HANDLING,no,NORM_DIRECT,binary,high,newly discovered
zc.adoc,2439,"The jvt register is an XLEN-bit WARL read/write register that holds the jump table configuration, consisting of the jump table base address (BASE) and the jump table mode (MODE).",JVT_READ_ONLY,yes,NORM_CSR_RW,binary,high,
zc.adoc,2441,"If jvt is writable, the set of values the register may hold can vary by implementation.",JVT_BASE_MASK,yes,NORM_CSR_WARL,bitmask,high,
zc.adoc,2459,"jvt.mode is a WARL field, so can only be programmed to modes which are implemented.",JVT_MODE_SUPPORT,no,NORM_CSR_WARL,set,high,newly discovered
zfa.adoc,179,Other _rm_ values are _reserved_.,FCVTMOD_RM_RESERVED_BEHAVIOR,no,NORM_DIRECT,enum,medium,newly discovered
zfinx.adoc,147,"The `misa` bits F, D, and Q are hardwired to 0 when the Zfinx extension is implemented.",MUTABLE_MISA_D,yes,NORM_CSR_WARL,binary,high,
zfinx.adoc,147,"The `misa` bits F, D, and Q are hardwired to 0 when the Zfinx extension is implemented.",MUTABLE_MISA_F,yes,NORM_CSR_WARL,binary,high,
zfinx.adoc,147,"The `misa` bits F, D, and Q are hardwired to 0 when the Zfinx extension is implemented.",MUTABLE_MISA_Q,yes,NORM_CSR_WARL,binary,high,
zicsr.adoc,248,"The hardware platform may define that accesses to certain CSRs are strongly ordered, as defined by the Memory-Ordering PMAs section in Volume II of this manual.",CSR_STRONGLY_ORDERED,no,NORM_DIRECT,set,high,newly discovered
zihintntl.adoc,149,"In the event that a trap is taken on the target instruction, implementations are discouraged from applying the NTL to the first instruction in the trap handler. Instead, implementations are recommended to ignore the HINT in this case.",NTL_TRAP_BEHAVIOR,no,NORM_DIRECT,binary,medium,newly discovered
zihintpause.adoc,5,The duration of its effect must be bounded and may be zero.,PAUSE_DURATION,no,NORM_DIRECT,range,high,newly discovered
zilsd.adoc,35,"Even if naturally aligned, the memory access might not be performed atomically.",ZILSD_8BYTE_ATOMIC,no,NORM_DIRECT,binary,high,newly discovered
zilsd.adoc,36,"If the effective address is a multiple of 4, then each word access is required to be performed atomically.",ZILSD_4BYTE_WORD_ATOMIC,no,NORM_DIRECT,binary,medium,newly discovered
zilsd.adoc,89,an LD or SD instruction whose effective address is a multiple of 4 gives rise to two 4-byte memory operations.,ZILSD_4BYTE_DECOMPOSITION,no,NORM_DIRECT,binary,medium,newly discovered
zimop.adoc,28,"The Zimop extension defines 32 MOP instructions named MOP.R.__n__, where __n__ is an integer between 0 and 31, inclusive. Unless redefined by another extension, these instructions simply write 0 to `x[rd]`.",ZIMOP_MOP_R_REDEFINITION,no,NORM_DIRECT,set,high,newly discovered
zimop.adoc,38,"The Zimop extension additionally defines 8 MOP instructions named MOP.RR.__n__, where __n__ is an integer between 0 and 7, inclusive. Unless redefined by another extension, these instructions simply write 0 to `x[rd]`.",ZIMOP_MOP_RR_REDEFINITION,no,NORM_DIRECT,set,high,newly discovered
zimop.adoc,60,"This section defines the ""Zcmop"" extension, which defines eight 16-bit MOP instructions named C.MOP.__n__, where __n__ is an odd integer between 1 and 15, inclusive.",ZCMOP_C_MOP_REDEFINITION,no,NORM_DIRECT,set,high,newly discovered
zpm.adoc,108,"The current standard only supports PMLEN=XLEN-48 (i.e., PMLEN=16 in RV64) and PMLEN=XLEN-57 (i.e., PMLEN=7 in RV64). A setting has been reserved to potentially support other values of PMLEN in future standards.",PMLEN,yes,NORM_DIRECT,enum,high,
zpm.adoc,174,Profiles and implementations may choose to support an arbitrary subset of these extensions and must define valid ranges for their corresponding values of PMLEN.,PM_EXTENSION_SUPPORT,no,NORM_DIRECT,set,high,newly discovered
zpm.adoc,189,"Pointer masking only applies to RV64. In RV32, trying to enable pointer masking will result in an illegal WARL write and not update the pointer masking configuration bits",PM_RV32_SUPPORT,no,NORM_DIRECT,binary,high,newly discovered
zpm.adoc,210,Trying to enable pointer masking in an unsupported scenario represents an illegal write to the corresponding pointer masking enable bit and follows WARL semantics.,PM_ENABLE_WARL,no,NORM_CSR_WARL,binary,high,newly discovered
ztso-st-ext.adoc,35,"Additionally, if the Ztso extension is implemented, then vector memory instructions in the V extension and Zve family of extensions follow RVTSO at the instruction level.",ZTSO_EXTENSION_IMPLEMENTED,no,NORM_DIRECT,binary,high,newly discovered
