adoc_file,line_number,excerpt,parameter_name,named,class,value_type,confidence,modal_signal,validation,tagged,refers_to_warl,in_intro_section,sw_keywords,notes
a-st-ext.adoc,148,"An implementation can register an arbitrarily large reservation set on each LR, provided the reservation set includes all bytes of the addressed data word or doubleword.",LRSC_RESERVATION_STRATEGY,yes,NORM_DIRECT,enum,high,can register an arbitrarily large reservation set,KEEP,yes,no,no,,
a-st-ext.adoc,163,"(If such a device writes the reservation set but does not write the bytes accessed by the LR, the SC may or may not fail.)",LRSC_FAIL_ON_RESERVATION_SET_DEVICE_WRITE,no,NORM_DIRECT,binary,high,may or may not fail,KEEP,no,no,no,,newly discovered
a-st-ext.adoc,393,"The misaligned atomicity granule PMA, defined in Volume II of this manual, optionally relaxes this alignment requirement.",MISALIGNED_AMO,yes,NORM_DIRECT,binary,high,optionally relaxes,KEEP,yes,no,no,,
cmo.adoc,88,"The capacity and organization of a cache and the size of a cache block are both _implementation-specific_, and the execution environment provides software a means to discover information about the caches and cache blocks in a system.",CACHE_BLOCK_SIZE,yes,NORM_DIRECT,value,high,implementation-specific,KEEP,no,no,no,software,untagged + SW keywords (software) — likely clarification/SW requirement
cmo.adoc,131,An implementation may or may not update the entire set of bytes atomically with a single store operation.,CBO_ZERO_ATOMICITY,no,NORM_DIRECT,binary,high,may or may not update the entire set of bytes atomically,KEEP,no,no,no,,newly discovered
cmo.adoc,793,"Cache-block zero instructions store zeros to the set of bytes corresponding to a cache block. An implementation may update the bytes in any order and with any granularity and atomicity, including individual bytes.",CBO_ZERO_UPDATE_GRANULARITY,no,NORM_DIRECT,enum,high,may update the bytes in any order and with any granularity and atomicity,KEEP,yes,no,no,,newly discovered
cmo.adoc,1003,An implementation may or may not update the entire set of bytes atomically.,CBO_ZERO_ATOMIC_UPDATE,no,NORM_DIRECT,binary,high,may or may not update the entire set of bytes atomically,KEEP,no,no,no,,newly discovered
counters.adoc,211,Accessing an unimplemented counter may cause an illegal-instruction exception or may return a constant value.,HPM_UNIMPLEMENTED_COUNTER_ACCESS_BEHAVIOR,no,NORM_DIRECT,enum,high,may cause an illegal-instruction exception or may return a constant value,KEEP,yes,no,no,,newly discovered
hypervisor.adoc,248,"In particular, an implementation may make VSXL be a read-only field whose value always ensures that VSXLEN=HSXLEN.",VSXLEN,yes,NORM_CSR_RW,binary,high,an implementation may make VSXL be a read-only field,KEEP,yes,no,no,,
hypervisor.adoc,268,"An implementation may have WFI always raise a virtual-instruction exception in VS-mode when VTW=1 (and `mstatus`.TW=0), even if there are pending globally-disabled interrupts when the instruction is executed.",VTW_WFI_ALWAYS_TRAP,no,NORM_DIRECT,binary,high,An implementation may have WFI always raise a virtual-instruction exception,KEEP,yes,no,no,,newly discovered
hypervisor.adoc,330,An implementation may make VSBE a read-only field that always specifies the same endianness as HS-mode.,VS_MODE_ENDIANNESS,yes,NORM_CSR_RW,binary,high,An implementation may make VSBE a read-only field,KEEP,no,no,no,,
hypervisor.adoc,367,Similar translations may or may not be done for platform interrupt causes (codes 16 and above).,HIDELEG_PLATFORM_INTERRUPT_TRANSLATION,no,NORM_DIRECT,binary,medium,may or may not be done,KEEP,no,no,no,,newly discovered
hypervisor.adoc,393,The number of bits implemented in `hgeip` and `hgeie` for guest external interrupts is UNSPECIFIED and may be zero. This number is known as _GEILEN_.,NUM_EXTERNAL_GUEST_INTERRUPTS,yes,NORM_DIRECT,range,high,is UNSPECIFIED and may be zero,KEEP,no,no,no,,
hypervisor.adoc,430,"If bit _i_ of `sie` is read-only zero, the same bit in register `hip` may be writable or may be read-only.",HIP_WRITABLE_BITS,no,NORM_CSR_RW,bitmask,high,may be writable or may be read-only,KEEP,no,yes,no,,"newly discovered; likely duplicate: WARL field, usually covered by CSR field model"
hypervisor.adoc,530,"`hcounteren` must be implemented. However, any of the bits may be read-only zero, indicating reads to the corresponding counter will cause an exception when V=1. Hence, they are effectively *WARL* fields.",HCOUNTENABLE_EN,yes,NORM_CSR_RW,bitmask,high,any of the bits may be read-only zero,KEEP,no,yes,no,will,"likely duplicate: WARL field, usually covered by CSR field model; untagged + SW keywords (will) — likely clarification/SW requirement"
hypervisor.adoc,680,Implementations are not required to support all defined MODE settings when HSXLEN=64.,GSTAGE_MODE_BARE,yes,NORM_CSR_WARL,binary,high,are not required to support all defined MODE settings,KEEP,no,no,no,,
hypervisor.adoc,695,The number of VMID bits is UNSPECIFIED and may be zero.,VMID_WIDTH,yes,NORM_DIRECT,range,high,is UNSPECIFIED and may be zero,KEEP,yes,no,no,,
hypervisor.adoc,742,"In particular, an implementation may make UXL be a read-only copy of field VSXL of `hstatus`, forcing VU-mode XLEN=VSXLEN.",VUXLEN,yes,NORM_CSR_RW,binary,high,an implementation may make UXL be a read-only copy,KEEP,no,no,no,,
hypervisor.adoc,800,An implementation may make field UBE be a read-only copy of `hstatus`.VSBE.,VU_MODE_ENDIANNESS,yes,NORM_CSR_RW,binary,high,An implementation may make field UBE be a read-only copy,KEEP,no,no,no,,
indirect-csr.adoc,72,The `miselect` register implements at least enough bits to support all implemented `miselect` values (corresponding to the implemented extensions that utilize `miselect`/`mireg*` to indirectly access register state). The `miselect` register may be read-only zero if there are no extensions implemented that utilize it.,MISELECT_WIDTH,no,NORM_CSR_RW,range,high,may be read-only zero if there are no extensions implemented that utilize it,KEEP,yes,no,no,,newly discovered
indirect-csr.adoc,74,The `miselect` register may be read-only zero if there are no extensions implemented that utilize it.,MISELECT_READ_ONLY_ZERO,no,NORM_CSR_RW,binary,high,may be read-only zero,KEEP,no,no,no,,newly discovered
intro.adoc,468,"Optionally, an implementation may adopt the stronger model of Total Store Ordering, as defined in <<ztso>>.",MEMORY_ORDERING_MODEL,no,NORM_DIRECT,enum,high,an implementation may adopt the stronger model of Total Store Ordering,KEEP,no,no,yes,,newly discovered; from an introduction section (non-normative)
machine.adoc,65,The Extensions field is a *WARL* field that can contain writable bits where the implementation allows the supported ISA to be modified.,MUTABLE_MISA_EXTENSIONS,no,NORM_CSR_WARL,bitmask,high,can contain writable bits where the implementation allows the supported ISA to be modified,KEEP,yes,yes,no,,"needs review: multiple UDB matches (MUTABLE_MISA_A, MUTABLE_MISA_B, MUTABLE_MISA_C, MUTABLE_MISA_D, MUTABLE_MISA_F, MUTABLE_MISA_H, MUTABLE_MISA_M, MUTABLE_MISA_Q, MUTABLE_MISA_S, MUTABLE_MISA_U); likely duplicate: WARL field, usually covered by CSR field model"
machine.adoc,155,"An implementation may impose additional constraints on the collective setting of two or more `misa` fields, in which case they function collectively as a single *WARL* field.",MISA_COLLECTIVE_WARL_CONSTRAINTS,no,NORM_CSR_WARL,set,medium,An implementation may impose additional constraints,KEEP,no,yes,no,,"newly discovered; likely duplicate: WARL field, usually covered by CSR field model"
machine.adoc,222,"This register must be readable in any implementation, but a value of 0 can be returned to indicate the field is not implemented.",MARCHID_IMPLEMENTED,yes,NORM_DIRECT,binary,high,a value of 0 can be returned to indicate the field is not implemented,KEEP,yes,no,no,,
machine.adoc,248,"This register must be readable in any implementation, but a value of 0 can be returned to indicate that the field is not implemented.",MIMPID_IMPLEMENTED,yes,NORM_DIRECT,binary,high,a value of 0 can be returned to indicate that the field is not implemented,KEEP,yes,no,no,,
machine.adoc,393,an implementation may make SXL be a read-only field whose value always ensures that SXLEN=MXLEN.,SXLEN,yes,NORM_CSR_RW,binary,high,an implementation may make SXL be a read-only field,KEEP,yes,no,no,,
machine.adoc,399,an implementation may make UXL be a read-only field whose value always ensures that UXLEN=MXLEN or UXLEN=SXLEN.,UXLEN,yes,NORM_CSR_RW,binary,high,an implementation may make UXL be a read-only field,KEEP,yes,no,no,,
machine.adoc,416,"When such a HINT is executed with XLEN < MXLEN and bits MXLEN..XLEN of the destination register not all equal to bit XLEN-1, it is implementation-defined whether bits MXLEN..XLEN of the destination register are unchanged or are overwritten with copies of bit XLEN-1.",HINT_XLEN_REDUCTION_BEHAVIOR,no,NORM_DIRECT,binary,high,it is implementation-defined whether bits MXLEN..XLEN of the destination register are unchanged or are overwritten,KEEP,no,no,no,,newly discovered
machine.adoc,530,"If S-mode is supported, an implementation may make SBE be a read-only copy of MBE.",S_MODE_ENDIANNESS,yes,NORM_CSR_RW,binary,high,an implementation may make SBE be a read-only copy of MBE,KEEP,yes,no,no,,
machine.adoc,532,"If U-mode is supported, an implementation may make UBE be a read-only copy of either MBE or SBE.",U_MODE_ENDIANNESS,yes,NORM_CSR_RW,enum,high,an implementation may make UBE be a read-only copy of either MBE or SBE,KEEP,yes,no,no,,
machine.adoc,617,"An implementation may have WFI always raise an illegal-instruction exception in modes less privileged than M when TW=1, even if there are pending globally-disabled interrupts when the instruction is executed.",WFI_TW_ALWAYS_ILLEGAL,no,NORM_DIRECT,binary,high,An implementation may have WFI always raise an illegal-instruction exception,KEEP,yes,no,no,,newly discovered
machine.adoc,720,"If S-mode is implemented but the F extension is not, FS may optionally be read-only zero.",MSTATUS_FS_LEGAL_VALUES,yes,NORM_CSR_RW,binary,high,may optionally be read-only zero,KEEP,yes,no,no,,
machine.adoc,731,"If S-mode is implemented but the `v` registers are not, VS may optionally be read-only zero.",MSTATUS_VS_LEGAL_VALUES,yes,NORM_CSR_RW,binary,high,may optionally be read-only zero,KEEP,yes,no,no,,
machine.adoc,793,"Implementations may choose to track the dirtiness of the floating-point register state imprecisely by reporting the state to be dirty even when it has not been modified. On some implementations, some instructions that do not mutate the floating-point state may cause the state to transition from Initial or Clean to Dirty.",HW_MSTATUS_FS_DIRTY_UPDATE,yes,SW_RULE,enum,medium,Implementations may choose to track the dirtiness of the floating-point register state imprecisely,KEEP,yes,no,no,,
machine.adoc,876,"The `mtvec` register must always be implemented, but can contain a read-only value.",MTVEC_ACCESS,yes,NORM_CSR_RW,binary,high,can contain a read-only value,KEEP,no,no,no,,excerpt not verbatim in spec — verify wording
machine.adoc,878,"If `mtvec` is writable, the set of values the register may hold can vary by implementation.",MTVEC_MODES,yes,NORM_CSR_WARL,set,high,the set of values the register may hold can vary by implementation,KEEP,yes,no,no,,
machine.adoc,921,implementations can provide individual read/write bits within `medeleg` and `mideleg` to indicate that certain exceptions and interrupts should be processed directly by a lower privilege level.,MEDELEG_MIDELEG_IMPLEMENTED,no,NORM_DIRECT,binary,high,implementations can provide individual read/write bits,KEEP,yes,no,no,,newly discovered
machine.adoc,944,"An implementation can choose to subset the delegatable traps, with the supported delegatable bits found by writing one to every bit location, then reading back the value in `medeleg` or `mideleg` to see which bit positions hold a one.",MEDELEG_WARL_BITS,no,NORM_CSR_WARL,bitmask,high,An implementation can choose to subset the delegatable traps,KEEP,yes,no,no,,newly discovered
machine.adoc,1009,Each individual bit in register `mip` may be writable or may be read-only.,MIP_WRITABLE_BITS,no,NORM_CSR_RW,bitmask,high,may be writable or may be read-only,KEEP,yes,yes,no,,"newly discovered; likely duplicate: WARL field, usually covered by CSR field model"
machine.adoc,1163,"In harts with U-mode, the `mcounteren` must be implemented, but all fields are *WARL* and may be read-only zero, indicating reads to the corresponding counter will cause an illegal-instruction exception when executing in a less-privileged mode.",MCOUNTENABLE_EN,yes,NORM_CSR_RW,bitmask,high,may be read-only zero,KEEP,yes,yes,no,will,"likely duplicate: WARL field, usually covered by CSR field model"
machine.adoc,1237,"`mepc` is a *WARL* register that must be able to hold all valid virtual addresses. It need not be capable of holding all possible invalid addresses. Prior to writing `mepc`, implementations may convert an invalid address into some other invalid address that `mepc` is capable of holding.",MEPC_INVALID_ADDR_CONVERSION,no,NORM_CSR_WARL,binary,medium,implementations may convert an invalid address into some other invalid address,KEEP,no,yes,no,,"newly discovered; likely duplicate: WARL field, usually covered by CSR field model; excerpt not verbatim in spec — verify wording"
machine.adoc,1285,The priority of any custom synchronous exceptions is implementation-defined.,CUSTOM_EXCEPTION_PRIORITY,no,NORM_DIRECT,enum,medium,is implementation-defined,KEEP,no,no,no,,newly discovered
machine.adoc,1374,The `mtval` register can optionally also be used to return the faulting instruction bits on an illegal-instruction exception (`mepc` points to the faulting instruction in memory).,REPORT_ENCODING_IN_MTVAL_ON_ILLEGAL_INSTRUCTION,yes,NORM_DIRECT,binary,high,can optionally also be used to return the faulting instruction bits,KEEP,yes,no,no,,
machine.adoc,1424,it may be zero to indicate the configuration data structure does not exist or that an alternative mechanism must be used to locate it.,CONFIG_PTR_ADDRESS,yes,NORM_DIRECT,value,high,it may be zero to indicate the configuration data structure does not exist,KEEP,yes,no,no,,
machine.adoc,1455,"If S-mode is not supported, or if `satp`.MODE is read-only zero (always Bare), the implementation may make FIOM read-only zero.",MENVCFG_FIOM_READONLY,no,NORM_CSR_RW,binary,high,the implementation may make FIOM read-only zero,KEEP,yes,no,no,,newly discovered
machine.adoc,1535,"If the A extension is supported, the __x__RET instruction is allowed to clear any outstanding LR address reservation but is not required to.",XRET_CLEARS_LR_RESERVATION,no,NORM_DIRECT,binary,high,is allowed to clear any outstanding LR address reservation but is not required to,KEEP,yes,no,no,,newly discovered
machine.adoc,1543,"WFI is available in all privileged modes, and optionally available to U-mode.",WFI_U_MODE,no,NORM_DIRECT,binary,high,optionally available to U-mode,KEEP,no,no,no,,newly discovered; excerpt not verbatim in spec — verify wording
machine.adoc,1609,The `mcause` values after reset have implementation-specific interpretation,MCAUSE_RESET_VALUE,no,NORM_DIRECT,value,medium,implementation-specific interpretation,KEEP,yes,no,no,,newly discovered
machine.adoc,1631,The values written to `mcause` on an NMI are implementation-defined.,NMI_MCAUSE_VALUE,no,NORM_DIRECT,value,high,are implementation-defined,KEEP,yes,no,no,,newly discovered
machine.adoc,1770,"Implementations may raise access-fault exceptions instead of address-misaligned exceptions for some misaligned accesses, indicating the instruction should not be emulated by a trap handler.",PMA_MAG_FAULT_TYPE,no,NORM_DIRECT,binary,high,Implementations may raise access-fault exceptions instead of address-misaligned exceptions,KEEP,yes,no,no,,newly discovered
machine.adoc,1793,"The size of these naturally aligned power-of-2 regions is implementation-defined, but, for systems with page-based virtual memory, must not exceed the smallest supported page size.",PMA_IDEMPOTENT_IMPLICIT_READ_SIZE,no,NORM_DIRECT,range,high,is implementation-defined,KEEP,yes,no,no,,newly discovered
machine.adoc,1812,"Optionally, PMP checks may additionally apply to M-mode accesses, in which case the PMP registers themselves are locked, so that even M-mode software cannot change them until the hart is reset.",PMP_MMODE_LOCKING,no,NORM_DIRECT,binary,high,"Optionally, PMP checks may additionally apply to M-mode accesses",KEEP,yes,no,no,software,newly discovered
machine.adoc,3352,"Optionally, PMP checks may additionally apply to M-mode accesses, in which case the PMP registers themselves are locked, so that even M-mode software cannot change them until the hart is reset.",PMP_MMODE_ENFORCEMENT,no,NORM_DIRECT,binary,high,"Optionally, PMP checks may additionally apply to M-mode accesses",KEEP,yes,no,no,software,newly discovered
machine.adoc,3364,"Up to 64 PMP entries are supported. Implementations may implement zero, 16, or 64 PMP entries; the lowest-numbered PMP entries must be implemented first.",NUM_PMP_ENTRIES,yes,NORM_DIRECT,range,high,"Implementations may implement zero, 16, or 64 PMP entries",KEEP,yes,no,no,,
machine.adoc,3366,All PMP CSR fields are *WARL* and may be read-only zero.,PMP_CSR_READ_ONLY_ZERO,no,NORM_CSR_RW,binary,high,may be read-only zero,KEEP,yes,yes,no,,"newly discovered; likely duplicate: WARL field, usually covered by CSR field model"
machine.adoc,3404,"Not all physical address bits may be implemented, and so the `pmpaddr` registers are *WARL*.",PHYS_ADDR_WIDTH,yes,NORM_CSR_WARL,range,high,Not all physical address bits may be implemented,KEEP,yes,yes,no,,"aligned via fuzzy_name to UDB PHYS_ADDR_WIDTH; likely duplicate: WARL field, usually covered by CSR field model"
priv-csrs.adoc,13,"an implementation may contain additional CSRs, accessible by some subset of the privilege levels using the CSR instructions described in Volume I.",ADDITIONAL_CSRS,no,NORM_DIRECT,binary,medium,may contain additional CSRs,KEEP,no,no,no,,newly discovered
priv-intro.adoc,148,Implementations might provide anywhere from 1 to 3 privilege modes trading off reduced isolation for lower implementation cost,NUM_PRIVILEGE_MODES,no,NORM_DIRECT,range,high,might provide anywhere from 1 to 3 privilege modes,KEEP,yes,no,yes,,newly discovered; from an introduction section (non-normative)
priv-intro.adoc,196,Implementations may also include a debug mode to support off-chip debugging and/or manufacturing test.,DEBUG_MODE_IMPLEMENTED,no,NORM_DIRECT,binary,high,may also include a debug mode,KEEP,no,no,yes,,newly discovered; from an introduction section (non-normative)
rnmi.adoc,68,"Prior to writing `mnepc`, implementations may convert an invalid address into some other invalid address that `mnepc` is capable of holding.",MNEPC_INVALID_ADDR_CONVERSION,no,NORM_CSR_WARL,binary,high,implementations may convert an invalid address into some other invalid address,KEEP,yes,no,no,,newly discovered
scalar-crypto.adoc,3697,"Implementations may implement `mseccfg` such that `[s,u]seed` is a read-only constant value `0`.",SSEED_USEED_WRITABLE,no,NORM_CSR_RW,binary,high,"may implement `mseccfg` such that `[s,u]seed` is a read-only constant value `0`",KEEP,no,no,no,,newly discovered
smctr.adoc,107,"All fields are optional except for M, S, U, and BPFRZ.  All unimplemented fields are read-only 0, while all implemented fields are writable.  If the Sscofpmf extension is implemented, LCOFIFRZ must be writable.",MCTRCTL_CORSWAPINH_IMPLEMENTED,yes,NORM_CSR_RW,binary,high,"All fields are optional except for M, S, U, and BPFRZ",KEEP,yes,no,no,,
smctr.adoc,107,"All fields are optional except for M, S, U, and BPFRZ.  All unimplemented fields are read-only 0, while all implemented fields are writable.  If the Sscofpmf extension is implemented, LCOFIFRZ must be writable.",MCTRCTL_CUSTOM_IMPLEMENTED,yes,NORM_CSR_RW,binary,high,"All fields are optional except for M, S, U, and BPFRZ",KEEP,yes,no,no,,
smctr.adoc,107,"All fields are optional except for M, S, U, and BPFRZ.  All unimplemented fields are read-only 0, while all implemented fields are writable.  If the Sscofpmf extension is implemented, LCOFIFRZ must be writable.",MCTRCTL_DIRCALLINH_IMPLEMENTED,yes,NORM_CSR_RW,binary,high,"All fields are optional except for M, S, U, and BPFRZ",KEEP,yes,no,no,,
smctr.adoc,107,"All fields are optional except for M, S, U, and BPFRZ.  All unimplemented fields are read-only 0, while all implemented fields are writable.  If the Sscofpmf extension is implemented, LCOFIFRZ must be writable.",MCTRCTL_DIRJMPINH_IMPLEMENTED,yes,NORM_CSR_RW,binary,high,"All fields are optional except for M, S, U, and BPFRZ",KEEP,yes,no,no,,
smctr.adoc,107,"All fields are optional except for M, S, U, and BPFRZ.  All unimplemented fields are read-only 0, while all implemented fields are writable.  If the Sscofpmf extension is implemented, LCOFIFRZ must be writable.",MCTRCTL_DIRLJMPINH_IMPLEMENTED,yes,NORM_CSR_RW,binary,high,"All fields are optional except for M, S, U, and BPFRZ",KEEP,yes,no,no,,
smctr.adoc,107,"All fields are optional except for M, S, U, and BPFRZ.  All unimplemented fields are read-only 0, while all implemented fields are writable.  If the Sscofpmf extension is implemented, LCOFIFRZ must be writable.",MCTRCTL_EXCINH_IMPLEMENTED,yes,NORM_CSR_RW,binary,high,"All fields are optional except for M, S, U, and BPFRZ",KEEP,yes,no,no,,
smctr.adoc,107,"All fields are optional except for M, S, U, and BPFRZ.  All unimplemented fields are read-only 0, while all implemented fields are writable.  If the Sscofpmf extension is implemented, LCOFIFRZ must be writable.",MCTRCTL_INDCALLINH_IMPLEMENTED,yes,NORM_CSR_RW,binary,high,"All fields are optional except for M, S, U, and BPFRZ",KEEP,yes,no,no,,
smctr.adoc,107,"All fields are optional except for M, S, U, and BPFRZ.  All unimplemented fields are read-only 0, while all implemented fields are writable.  If the Sscofpmf extension is implemented, LCOFIFRZ must be writable.",MCTRCTL_INDJMPINH_IMPLEMENTED,yes,NORM_CSR_RW,binary,high,"All fields are optional except for M, S, U, and BPFRZ",KEEP,yes,no,no,,
smctr.adoc,107,"All fields are optional except for M, S, U, and BPFRZ.  All unimplemented fields are read-only 0, while all implemented fields are writable.  If the Sscofpmf extension is implemented, LCOFIFRZ must be writable.",MCTRCTL_INDLJMPINH_IMPLEMENTED,yes,NORM_CSR_RW,binary,high,"All fields are optional except for M, S, U, and BPFRZ",KEEP,yes,no,no,,
smctr.adoc,107,"All fields are optional except for M, S, U, and BPFRZ.  All unimplemented fields are read-only 0, while all implemented fields are writable.  If the Sscofpmf extension is implemented, LCOFIFRZ must be writable.",MCTRCTL_INTRINH_IMPLEMENTED,yes,NORM_CSR_RW,binary,high,"All fields are optional except for M, S, U, and BPFRZ",KEEP,yes,no,no,,
smctr.adoc,107,"All fields are optional except for M, S, U, and BPFRZ.  All unimplemented fields are read-only 0, while all implemented fields are writable.  If the Sscofpmf extension is implemented, LCOFIFRZ must be writable.",MCTRCTL_MTE_IMPLEMENTED,yes,NORM_CSR_RW,binary,high,"All fields are optional except for M, S, U, and BPFRZ",KEEP,yes,no,no,,
smctr.adoc,107,"All fields are optional except for M, S, U, and BPFRZ.  All unimplemented fields are read-only 0, while all implemented fields are writable.  If the Sscofpmf extension is implemented, LCOFIFRZ must be writable.",MCTRCTL_NTBREN_IMPLEMENTED,yes,NORM_CSR_RW,binary,high,"All fields are optional except for M, S, U, and BPFRZ",KEEP,yes,no,no,,
smctr.adoc,107,"All fields are optional except for M, S, U, and BPFRZ.  All unimplemented fields are read-only 0, while all implemented fields are writable.  If the Sscofpmf extension is implemented, LCOFIFRZ must be writable.",MCTRCTL_RASEMU_IMPLEMENTED,yes,NORM_CSR_RW,binary,high,"All fields are optional except for M, S, U, and BPFRZ",KEEP,yes,no,no,,
smctr.adoc,107,"All fields are optional except for M, S, U, and BPFRZ.  All unimplemented fields are read-only 0, while all implemented fields are writable.  If the Sscofpmf extension is implemented, LCOFIFRZ must be writable.",MCTRCTL_RETINH_IMPLEMENTED,yes,NORM_CSR_RW,binary,high,"All fields are optional except for M, S, U, and BPFRZ",KEEP,yes,no,no,,
smctr.adoc,107,"All fields are optional except for M, S, U, and BPFRZ.  All unimplemented fields are read-only 0, while all implemented fields are writable.  If the Sscofpmf extension is implemented, LCOFIFRZ must be writable.",MCTRCTL_STE_IMPLEMENTED,yes,NORM_CSR_RW,binary,high,"All fields are optional except for M, S, U, and BPFRZ",KEEP,yes,no,no,,
smctr.adoc,107,"All fields are optional except for M, S, U, and BPFRZ.  All unimplemented fields are read-only 0, while all implemented fields are writable.  If the Sscofpmf extension is implemented, LCOFIFRZ must be writable.",MCTRCTL_TKBRINH_IMPLEMENTED,yes,NORM_CSR_RW,binary,high,"All fields are optional except for M, S, U, and BPFRZ",KEEP,yes,no,no,,
smctr.adoc,107,"All fields are optional except for M, S, U, and BPFRZ.  All unimplemented fields are read-only 0, while all implemented fields are writable.  If the Sscofpmf extension is implemented, LCOFIFRZ must be writable.",MCTRCTL_TRETINH_IMPLEMENTED,yes,NORM_CSR_RW,binary,high,"All fields are optional except for M, S, U, and BPFRZ",KEEP,yes,no,no,,
smctr.adoc,222,It is implementation-specific which DEPTH value(s) are supported.,CTR_SUPPORTED_DEPTHS,no,NORM_CSR_WARL,set,high,implementation-specific which DEPTH value(s) are supported,KEEP,yes,no,no,,newly discovered
smctr.adoc,330,The optional MISP bit is set by the hardware when the recorded transfer is an instruction whose target or taken/not-taken direction was mispredicted by the branch predictor. MISP is read-only 0 when not implemented.,CTR_MISP_IMPLEMENTED,no,NORM_CSR_RW,binary,high,optional MISP bit,KEEP,yes,no,no,,newly discovered
smctr.adoc,349,"The `ctrdata` register contains metadata for the recorded transfer. This register must be implemented, though all fields within it are optional. Unimplemented fields are read-only 0.",CTR_CTRDATA_TYPE_IMPLEMENTED,no,NORM_CSR_RW,binary,high,all fields within it are optional,KEEP,yes,no,no,,newly discovered
smctr.adoc,618,"The `ctrdata` register may optionally include a count of CPU cycles elapsed since the prior CTR record.  The elapsed cycle count value is represented by the CC field, which has a 12-bit mantissa component (Cycle Count Mantissa, or CCM) and a 4-bit exponent component (Cycle Count Exponent, or CCE).",CTR_CYCLE_COUNT_IMPLEMENTED,no,NORM_CSR_RW,binary,high,may optionally include a count of CPU cycles,KEEP,yes,no,no,,newly discovered
smctr.adoc,648,"An implementation that supports cycle counting must implement CCV and all CCM bits, but may implement 0..4 exponent bits in CCE. Unimplemented CCE bits are read-only 0.",CTR_CCE_WIDTH,no,NORM_CSR_RW,range,high,may implement 0..4 exponent bits in CCE,KEEP,yes,no,no,,newly discovered
smctr.adoc,672,CCV should additionally be cleared after any other implementation-specific scenarios where active cycles might not be counted in CtrCycleCounter.,CTR_CCV_CLEAR_SCENARIOS,no,NORM_DIRECT,set,medium,implementation-specific scenarios,KEEP,no,no,no,,newly discovered
smctr.adoc,693,"When the optional `__x__ctrctl`.RASEMU bit is implemented and set to 1, transfer recording behavior is altered to emulate the behavior of a return-address stack (RAS).",CTR_RASEMU_IMPLEMENTED,no,NORM_CSR_RW,binary,high,optional `__x__ctrctl`.RASEMU bit is implemented,KEEP,yes,no,no,,newly discovered
smstateen.adoc,97,"When a `stateen` CSR prevents access to state for a privilege mode, attempting to execute in that privilege mode an instruction that _implicitly_ updates the state without reading it may or may not raise an illegal-instruction or virtual-instruction exception.",STATEEN_IMPLICIT_UPDATE_EXCEPTION,no,NORM_DIRECT,binary,high,may or may not raise an illegal-instruction or virtual-instruction exception,KEEP,no,no,no,,newly discovered
smstateen.adoc,143,"Each standard-defined bit of a `stateen` CSR is WARL and may be read-only zero or one, subject to the following conditions.",STATEEN_BIT_ACCESS,no,NORM_CSR_RW,bitmask,high,may be read-only zero or one,KEEP,no,yes,no,,"newly discovered; likely duplicate: WARL field, usually covered by CSR field model"
smstateen.adoc,175,Bit 63 of each `mstateen` CSR may be read-only zero only if the hypervisor extension is not implemented and the matching supervisor-level `sstateen` CSR is all read-only zeros.,MSTATEEN_BIT63_RO,no,NORM_CSR_RW,binary,high,may be read-only zero only if,KEEP,yes,no,no,,newly discovered
supervisor.adoc,141,"When such a HINT is executed with XLEN < SXLEN and bits SXLEN..XLEN of the destination register not all equal to bit XLEN-1, it is implementation-defined whether bits SXLEN..XLEN of the destination register are unchanged or are overwritten with copies of bit XLEN-1.",HINT_SXLEN_DEST_REG_BEHAVIOR,no,NORM_DIRECT,binary,high,it is implementation-defined whether bits SXLEN..XLEN of the destination register are unchanged or are overwritten,KEEP,no,no,no,,newly discovered
supervisor.adoc,418,"Each standard interrupt type (SEI, STI, SSI, or LCOFI) may not be implemented, in which case the corresponding interrupt-pending and interrupt-enable bits are read-only zeros.",SIP_SIE_UNIMPL_INTERRUPTS,no,NORM_CSR_RW,bitmask,high,may not be implemented,KEEP,no,no,no,,newly discovered
supervisor.adoc,530,"`scounteren` must be implemented. However, any of the bits may be read-only zero, indicating reads to the corresponding counter will cause an exception when executing in U-mode. Hence, they are effectively *WARL* fields.",SCOUNTENABLE_EN,yes,NORM_CSR_RW,bitmask,high,any of the bits may be read-only zero,KEEP,no,yes,no,will,"likely duplicate: WARL field, usually covered by CSR field model; untagged + SW keywords (will) — likely clarification/SW requirement"
supervisor.adoc,617,The `stval` register can optionally also be used to return the faulting instruction bits on an illegal-instruction exception (`sepc` points to the faulting instruction in memory).,REPORT_ENCODING_IN_STVAL_ON_ILLEGAL_INSTRUCTION,yes,NORM_DIRECT,binary,high,can optionally also be used to return the faulting instruction bits,KEEP,no,no,no,,
supervisor.adoc,706,"If `satp`.MODE is read-only zero (always Bare), the implementation may make FIOM read-only zero.",SENVCFG_FIOM_ACCESS,no,NORM_CSR_RW,binary,high,the implementation may make FIOM read-only zero,KEEP,no,no,no,,newly discovered
supervisor.adoc,836,"Implementations are not required to support all MODE settings, and if `satp` is written with an unsupported MODE, the entire write has no effect; no fields in `satp` are modified.",SATP_MODE_BARE,yes,NORM_CSR_WARL,set,high,are not required to support all MODE settings,KEEP,no,no,no,,
supervisor.adoc,843,"The number of ASID bits is UNSPECIFIED and may be zero. The number of implemented ASID bits, termed _ASIDLEN_, may be determined by writing one to every bit position in the ASID field, then reading back the value in `satp` to see which bit positions in the ASID field hold a one.",ASID_WIDTH,yes,NORM_CSR_WARL,range,high,The number of ASID bits is UNSPECIFIED and may be zero,KEEP,no,no,no,,
supervisor.adoc,2468,Implementations may override additional PMAs not explicitly listed in <<pbmt>>.,SVPBMT_ADDITIONAL_PMA_OVERRIDE,no,NORM_DIRECT,binary,medium,Implementations may override additional PMAs,KEEP,yes,no,no,,newly discovered
v-st-ext.adoc,91,"Implementations may also change `mstatus.VS` from Initial or Clean to Dirty at any time, even when there is no change in vector state.",HW_MSTATUS_VS_DIRTY_UPDATE,yes,SW_RULE,binary,high,Implementations may also change `mstatus.VS` from Initial or Clean to Dirty at any time,KEEP,no,no,no,,
v-st-ext.adoc,97,Implementations may have a writable `misa.V` field.,MUTABLE_MISA_V,yes,NORM_CSR_RW,binary,high,Implementations may have a writable `misa.V` field,KEEP,yes,no,no,,
v-st-ext.adoc,261,implementations can set `vill` if they do not support these configurations.,VILL_SET_ON_RESERVED_VTYPE,yes,NORM_DIRECT,binary,high,implementations can set `vill` if they do not support these configurations,KEEP,no,no,no,,
v-st-ext.adoc,381,Implementations are permitted to raise illegal-instruction exceptions when attempting to execute a vector instruction with a value of `vstart` that the implementation can never produce when executing that same instruction with the same `vtype` setting.,LEGAL_VSTART,yes,NORM_DIRECT,set,high,Implementations are permitted to raise illegal-instruction exceptions,KEEP,no,no,no,,
v-st-ext.adoc,519,Implementations may set `vill` in either case.,RESERVED_VSET_X0X0_VILL_SET,yes,NORM_DIRECT,binary,high,Implementations may set `vill` in either case,KEEP,yes,no,no,,
v-st-ext.adoc,1075,"If a trap occurs during access to a segment, it is implementation-defined whether a subset of the faulting segment's accesses are performed before the trap is taken.",VECTOR_LS_SEG_PARTIAL_ACCESS,yes,NORM_DIRECT,binary,high,it is implementation-defined whether a subset of the faulting segment's accesses are performed before the trap is taken,KEEP,yes,no,no,,
v-st-ext.adoc,1107,"In both cases, it is implementation-defined whether a subset of the segment is loaded.",VECTOR_FF_SEG_EXCEPTION_PARTIAL_LOAD,yes,NORM_DIRECT,binary,high,it is implementation-defined whether a subset of the segment is loaded,KEEP,no,no,no,,
v-st-ext.adoc,1196,Implementations are allowed to raise a misaligned address exception on whole register loads and stores if the base address is not naturally aligned to the larger of the size of the encoded EEW in bytes (EEW/8) or the implementation's smallest supported SEW size in bytes (SEW~MIN~/8).,VECTOR_LS_WHOLEREG_MISALIGNED_LEGAL,yes,NORM_DIRECT,binary,high,Implementations are allowed to raise a misaligned address exception,KEEP,no,no,no,,
v-st-ext.adoc,3817,"An implementation
is allowed to add an additional additive identity to the final result.",VFREDUSUM_FINAL_NODE_ELEMENT_BEHAVIOR,yes,NORM_DIRECT,binary,high,is allowed to add an additional additive identity,KEEP,no,no,no,,
zalasr.adoc,31,"The misaligned atomicity granule PMA, defined in Volume II of this manual, optionally relaxes this alignment requirement.",ZALASR_MISALIGNED_ATOMICITY_GRANULE_PMA,no,NORM_DIRECT,binary,medium,optionally relaxes,KEEP,yes,no,no,,newly discovered
zawrs.adoc,31,`WRS.STO` (WRS-with-short-timeout) is provided that works like `WRS.NTO` but bounds the stall duration to an implementation-define short timeout such that the stall is terminated on the timeout if no other conditions have occurred to terminate the stall.,WRS_STO_TIMEOUT_DURATION,no,NORM_DIRECT,range,high,implementation-define short timeout,KEEP,yes,no,no,,newly discovered
zawrs.adoc,75,"When the `TW` (Timeout Wait) bit in `mstatus` is set and `WRS.NTO` is executed in any privilege mode other than M mode, and it does not complete within an implementation-specific bounded time limit, the `WRS.NTO` instruction will cause an illegal-instruction exception.",WRS_NTO_TW_TIMEOUT_LIMIT,no,NORM_DIRECT,range,high,implementation-specific bounded time limit,KEEP,yes,no,no,will,newly discovered
zawrs.adoc,80,"When executing in VS or VU mode, if the `VTW` bit is set in `hstatus`, the `TW` bit in `mstatus` is clear, and the `WRS.NTO` does not complete within an implementation-specific bounded time limit, the `WRS.NTO` instruction will cause a virtual-instruction exception.",WRS_NTO_VTW_TIMEOUT_LIMIT,no,NORM_DIRECT,range,high,implementation-specific bounded time limit,KEEP,yes,no,no,will,newly discovered
zc.adoc,2468,"If _jvt_ is writable, the set of values the register may hold can vary by implementation. The value in the BASE field must always be aligned on a 64-byte boundary.",JVT_BASE_MASK,yes,NORM_CSR_WARL,bitmask,high,the set of values the register may hold can vary by implementation,KEEP,yes,no,no,,
zc.adoc,2468,"If <<Zcmt>> is implemented then _jvt_ must also be implemented, but can contain a read-only value. If _jvt_ is writable, the set of values the register may hold can vary by implementation.",JVT_READ_ONLY,yes,NORM_CSR_RW,binary,high,can contain a read-only value,KEEP,yes,no,no,,
zpm.adoc,163,Profiles and implementations may choose to support an arbitrary subset of these extensions and must define valid ranges for their corresponding values of PMLEN.,PM_EXTENSIONS_SUPPORTED,no,NORM_DIRECT,set,high,implementations may choose to support an arbitrary subset of these extensions,KEEP,no,no,no,,newly discovered
a-st-ext.adoc,150,"An SC may succeed only if no store from another hart to the reservation set can be observed to have occurred between the LR and the SC, and if there is no other SC between the LR and itself in program order.",LRSC_FAIL_ON_NON_EXACT_LRSC,yes,NORM_DIRECT,binary,medium,An SC may succeed only if,REVIEW_NO_MODAL,yes,no,no,,
a-st-ext.adoc,152,An SC may succeed only if no write from a device other than a hart to the bytes accessed by the LR instruction can be observed to have occurred between the LR and SC.,LRSC_FAIL_ON_VA_SYNONYM,yes,NORM_DIRECT,binary,medium,An SC may succeed only if,REVIEW_NO_MODAL,yes,no,no,,aligned via fuzzy_name to UDB LRSC_FAIL_ON_VA_SYNONYM
a-st-ext.adoc,395,"If present, the misaligned atomicity granule PMA specifies the size of a misaligned atomicity granule, a power-of-two number of bytes.",MISALIGNED_MAX_ATOMICITY_GRANULE_SIZE,yes,NORM_DIRECT,value,high,specifies the size of a misaligned atomicity granule,REVIEW_NO_MODAL,no,no,no,,
cmo.adoc,700,"Each `x{csrname}` register is WARL; however, software should determine the legal values from the execution environment discovery mechanism.",XENVCFG_CMO_LEGAL_VALUES,no,NORM_CSR_WARL,set,medium,WARL,REVIEW_NO_MODAL,no,yes,no,software,"newly discovered; likely duplicate: WARL field, usually covered by CSR field model; untagged + SW keywords (software) — likely clarification/SW requirement"
counters.adoc,210,"The implemented number and width of these additional counters, and the set of events they count, are platform-specific.",HPM_COUNTER_EN,yes,NORM_DIRECT,bitmask,high,are platform-specific,REVIEW_NO_MODAL,yes,no,no,,
hypervisor.adoc,572,"When a guest-page-fault trap is taken into HS-mode, `htval` is written with either zero or the guest physical address that faulted, shifted right by 2 bits.",REPORT_GPA_IN_HTVAL_ON_GUEST_PAGE_FAULT,yes,NORM_DIRECT,binary,high,written with either zero or the guest physical address,REVIEW_NO_MODAL,no,no,no,,
hypervisor.adoc,690,An implementation that supports only the defined paged virtual-memory schemes and/or Bare may make PPN[1:0] read-only zero.,HGATP_PPN_LOWER_BITS_RO,no,NORM_CSR_RW,binary,high,may make PPN[1:0] read-only zero,REVIEW_NO_MODAL,no,no,no,,newly discovered
hypervisor.adoc,876,"When V=0, a write to `vsatp` with an unsupported MODE value is either ignored as it is for `satp`, or the fields of `vsatp` are treated as *WARL* in the normal way.",IGNORE_INVALID_VSATP_MODE_WRITES_WHEN_V_EQ_ZERO,yes,NORM_CSR_WARL,binary,high,"is either ignored as it is for `satp`, or the fields of `vsatp` are treated as *WARL* in the normal way",REVIEW_NO_MODAL,yes,yes,no,,"likely duplicate: WARL field, usually covered by CSR field model"
hypervisor.adoc,1010,"When a guest-page-fault trap is taken into M-mode, `mtval2` is written with either zero or the guest physical address that faulted, shifted right by 2 bits.",REPORT_GPA_IN_TVAL_ON_INSTRUCTION_GUEST_PAGE_FAULT,yes,NORM_DIRECT,binary,high,written with either zero or the guest physical address,REVIEW_NO_MODAL,no,no,no,,
machine.adoc,21,"a value of zero can be returned to indicate the `misa` register has not been implemented, requiring that CPU capabilities be determined through a separate non-standard mechanism.",MISA_CSR_IMPLEMENTED,yes,NORM_DIRECT,binary,high,a value of zero can be returned to indicate the `misa` register has not been implemented,REVIEW_NO_MODAL,yes,no,no,,
machine.adoc,196,a value of 0 can be returned to indicate the field is not implemented or that this is a non-commercial implementation.,VENDOR_ID_BANK,yes,NORM_DIRECT,value,high,a value of 0 can be returned to indicate the field is not implemented,REVIEW_NO_MODAL,yes,no,no,,
machine.adoc,797,"dirtiness might not be tracked at all, in which case the valid FS states are Off and Dirty, and an attempt to set FS to Initial or Clean causes it to be set to Dirty.",MSTATUS_FS_NO_DIRTY_TRACK,no,NORM_CSR_WARL,set,medium,dirtiness might not be tracked at all,REVIEW_NO_MODAL,yes,no,no,,newly discovered
machine.adoc,880,the MODE setting may impose additional alignment constraints on the value in the BASE field.,MTVEC_BASE_ALIGNMENT_VECTORED,yes,NORM_CSR_WARL,range,high,may impose additional alignment constraints,REVIEW_NO_MODAL,yes,no,no,,
machine.adoc,1047,"If a system has only one hart, or if a platform standard supports the delivery of machine-level interprocessor interrupts through external interrupts (MEI) instead, then `mip`.MSIP and `mie`.MSIE may both be read-only zeros.",MIP_MSIP_MIE_MSIE_READONLY,no,NORM_CSR_RW,binary,high,may both be read-only zeros,REVIEW_NO_MODAL,yes,no,no,,newly discovered
machine.adoc,1107,"The `mcycle` CSR may be shared between harts on the same core, in which case writes to `mcycle` will be visible to those harts.",MCYCLE_SHARED,no,NORM_DIRECT,binary,high,may be shared between harts on the same core,REVIEW_NO_MODAL,yes,no,no,will,newly discovered
machine.adoc,1192,"If the `mcountinhibit` register is not implemented, the implementation behaves as though the register were set to zero.",COUNTINHIBIT_EN,yes,NORM_CSR_RW,bitmask,high,If the `mcountinhibit` register is not implemented,REVIEW_NO_MODAL,yes,no,no,,
machine.adoc,1330,Load/store/AMO address-misaligned exceptions may have either higher or lower priority than load/store/AMO page-fault and access-fault exceptions.,MISALIGNED_LDST_EXCEPTION_PRIORITY,yes,NORM_DIRECT,binary,high,may have either higher or lower priority,REVIEW_NO_MODAL,yes,no,no,,
machine.adoc,1560,"Implementations are permitted to resume execution for any reason, even if an enabled interrupt has not become pending. Hence, a legal implementation is to simply implement the WFI instruction as a NOP.",WFI_NOP_BEHAVIOR,no,NORM_DIRECT,binary,high,Implementations are permitted to resume execution for any reason,REVIEW_NO_MODAL,yes,no,no,,newly discovered
machine.adoc,1672,"Where the attributes are run-time configurable, platform-specific memory-mapped control registers can be provided to specify these attributes at a granularity appropriate to each region on the platform.",PMA_GRANULARITY,yes,NORM_DIRECT,range,medium,can be provided to specify these attributes at a granularity appropriate to each region,REVIEW_NO_MODAL,yes,no,no,,
machine.adoc,1803,"The granularity of PMP access control settings are platform-specific, but the standard PMP encoding supports regions as small as four bytes.",PMP_GRANULARITY,yes,NORM_DIRECT,range,high,are platform-specific,REVIEW_NO_MODAL,yes,no,no,,
rnmi.adoc,80,"If the reason is an interrupt and RNMI causes are not supported, bit MXLEN-1 is set to 1, and zero is written to the least-significant bits.",RNMI_CAUSE_CODES_SUPPORTED,no,NORM_DIRECT,binary,medium,RNMI causes are not supported,REVIEW_NO_MODAL,yes,no,no,,newly discovered
rnmi.adoc,97,"If the Zicfilp extension is implemented, `mnstatus` also holds the MNPELP field, which on entry to the RNMI trap handler holds the previous `ELP` state.",MNSTATUS_MNPELP_IMPLEMENTED,no,NORM_DIRECT,binary,medium,If the Zicfilp extension is implemented,REVIEW_NO_MODAL,yes,no,no,,newly discovered
rv32.adoc,756,"Loads and stores whose effective address is not naturally aligned to the referenced datatype (i.e., the effective address is not divisible by the size of the access in bytes) have behavior dependent on the EEI.",MISALIGNED_LDST,yes,NORM_DIRECT,enum,medium,have behavior dependent on the EEI,REVIEW_NO_MODAL,yes,no,no,,
smcntrpmf.adoc,43,"For each bit in 61:58, if the associated privilege mode is not implemented, the bit is read-only zero.",MCYCLECFG_UNIMPLEMENTED_MODE_BITS,no,NORM_CSR_RW,bitmask,high,the bit is read-only zero,REVIEW_NO_MODAL,yes,no,no,,newly discovered
smcntrpmf.adoc,58,"Mode transition operations (traps and trap returns) may take multiple clock cycles, and the change of privilege mode may be reported as occurring in any one of those cycles (possibly different for each occurrence of a trap or trap return).",CYCLE_MODE_TRANSITION_REPORTING_CYCLE,no,NORM_DIRECT,enum,high,may be reported as occurring in any one of those cycles,REVIEW_NO_MODAL,yes,no,no,,newly discovered
smstateen.adoc,146,Bits in any `stateen` CSR that are defined to control state that a hart doesn't implement are read-only zeros for that hart.,MSTATEEN_AIA_TYPE,yes,NORM_CSR_RW,binary,medium,are read-only zeros for that hart,REVIEW_NO_MODAL,yes,no,no,,
sscofpmf.adoc,53,"For each ``x``INH bit, if the associated privilege mode is not implemented, the bit is read-only zero.",MHPMEVENT_INH_BITS_IMPLEMENTED,no,NORM_CSR_RW,bitmask,high,the bit is read-only zero,REVIEW_NO_MODAL,no,no,no,,newly discovered
supervisor.adoc,607,"On a breakpoint exception raised by an EBREAK or C.EBREAK instruction, `stval` is written with either zero or the virtual address of the instruction.",REPORT_VA_IN_STVAL_ON_BREAKPOINT,yes,NORM_DIRECT,binary,high,written with either zero or the virtual address,REVIEW_NO_MODAL,no,no,no,,
supervisor.adoc,829,"When SXLEN=32, the only other valid setting for MODE is Sv32, a paged virtual-memory scheme described in <<sv32>>.",SV32_VSMODE_TRANSLATION,yes,NORM_CSR_WARL,binary,medium,the only other valid setting for MODE is Sv32,REVIEW_NO_MODAL,no,no,no,,
supervisor.adoc,831,"When SXLEN=64, three paged virtual-memory schemes are defined: Sv39, Sv48, and Sv57, described in <<sv39>>, <<sv48>>, and <<sv57>>, respectively.",SATP_MODE_SV39_SV48_SV57,no,NORM_CSR_WARL,set,high,Implementations are not required to support all MODE settings,REVIEW_NO_MODAL,no,no,no,,newly discovered
unpriv-cfi.adoc,530,"The bits 1:0 of `ssp` are read-only zero. If the UXLEN or SXLEN may never be 32, then the bit 2 is also read-only zero.",SSP_BIT2_READ_ONLY,no,NORM_CSR_RW,binary,high,may never be 32,REVIEW_NO_MODAL,yes,no,no,,newly discovered
unpriv-cfi.adoc,793,"Just as for AMOs in the A extension, `SSAMOSWAP.W/D` requires that the address held in `rs1` be naturally aligned to the size of the operand (i.e., eight-byte aligned for __doublewords__, and four-byte aligned for __words__). The same exception options apply if the address is not naturally aligned.",LRSC_MISALIGNED_BEHAVIOR,yes,NORM_DIRECT,enum,medium,The same exception options apply if the address is not naturally aligned,REVIEW_NO_MODAL,no,no,no,,aligned via fuzzy_name to UDB LRSC_MISALIGNED_BEHAVIOR
v-st-ext.adoc,1009,Load instructions may overwrite active destination vector register group elements past the element index at which the trap is reported.,VECTOR_LOAD_PAST_TRAP,yes,NORM_DIRECT,binary,high,may overwrite active destination vector register group elements past the element index at which the trap is reported,REVIEW_NO_MODAL,yes,no,no,,
v-st-ext.adoc,1010,"Similarly, fault-only-first load instructions may update active destination elements past the element that causes trimming of the vector length (but not past the original vector length).",VECTOR_FF_UPDATE_PAST_TRIM,yes,NORM_DIRECT,binary,high,may update active destination elements past the element that causes trimming,REVIEW_NO_MODAL,yes,no,no,,
v-st-ext.adoc,1111,These instructions may overwrite destination vector register group elements past the point at which a trap is reported or past the point at which vector length is trimmed.,VECTOR_LOAD_SEG_FF_OVERWRITE_ELEMENTS_AFTER_FAULT,yes,NORM_DIRECT,binary,high,may overwrite destination vector register group elements past the point at which a trap is reported,REVIEW_NO_MODAL,no,no,no,,
v-st-ext.adoc,1213,"If an element accessed by a vector memory instruction is not naturally aligned to the size of the element, either the element is transferred successfully or an address-misaligned exception is raised on that element.",VECTOR_LS_MISALIGNED_LEGAL,yes,NORM_DIRECT,binary,high,either the element is transferred successfully or an address-misaligned exception is raised,REVIEW_NO_MODAL,no,no,no,,
v-st-ext.adoc,3806,A different floating-point range and precision may be chosen for the result of each operator.,VFREDUSUM_NODE_ROUNDING_BEHAVIOR,yes,NORM_DIRECT,binary,high,may be chosen for the result of each operator,REVIEW_NO_MODAL,no,no,no,,
v-st-ext.adoc,3808,A node where one input is derived only from elements masked-off or beyond the active vector length may either treat that input as the additive identity of the appropriate EEW or simply copy the other input to its output.,VFREDUSUM_INACTIVE_NODE_ELEMENT_BEHAVIOR,yes,NORM_DIRECT,binary,high,may either treat that input as the additive identity ... or simply copy the other input,REVIEW_NO_MODAL,no,no,no,,
zawrs.adoc,70,"While stalled, an implementation is permitted to occasionally terminate the stall and complete execution for any reason.",WRS_SPURIOUS_WAKEUP,no,NORM_DIRECT,binary,high,an implementation is permitted to occasionally terminate the stall,REVIEW_NO_MODAL,yes,no,no,,newly discovered
zc.adoc,1121,"It is platform defined whether the core implementation waits for the bus responses before continuing to the final stage of the sequence, or handles errors responses after completing the PUSH instruction.",ZCMP_BUS_FAULT_HANDLING,no,NORM_DIRECT,binary,high,platform defined whether the core implementation waits for the bus responses,REVIEW_NO_MODAL,no,no,no,,newly discovered
zc.adoc,2487,"_jvt.mode_ is a *WARL* field, so can only be programmed to modes which are implemented.",JVT_MODE_SUPPORTED,no,NORM_CSR_WARL,set,high,can only be programmed to modes which are implemented,REVIEW_NO_MODAL,yes,yes,no,,"newly discovered; likely duplicate: WARL field, usually covered by CSR field model"
zpm.adoc,113,"The current standard only supports PMLEN=XLEN-48 (i.e., PMLEN=16 in RV64) and PMLEN=XLEN-57 (i.e., PMLEN=7 in RV64).",PMLEN,yes,NORM_DIRECT,enum,high,implementer selects from the supported values PMLEN=XLEN-48 and PMLEN=XLEN-57,REVIEW_NO_MODAL,yes,no,no,,
zpm.adoc,196,"In RV32, trying to enable pointer masking will result in an illegal WARL write and not update the pointer masking configuration bits",PM_RV32_WARL_BEHAVIOR,no,NORM_CSR_WARL,binary,medium,illegal WARL write and not update the pointer masking configuration bits,REVIEW_NO_MODAL,yes,yes,no,will,"newly discovered; likely duplicate: WARL field, usually covered by CSR field model"
zpm.adoc,207,"the supported values of PMLEN may depend on the effective privilege mode. The current standard only defines PMLEN=XLEN-48 and PMLEN=XLEN-57,",PMLEN_PER_MODE,no,NORM_DIRECT,enum,medium,the supported values of PMLEN may depend on the effective privilege mode,REVIEW_NO_MODAL,yes,no,no,,newly discovered
zpm.adoc,210,Trying to enable pointer masking in an unsupported scenario represents an illegal write to the corresponding pointer masking enable bit and follows WARL semantics.,PMLEN_ILLEGAL_WARL,no,NORM_CSR_WARL,binary,medium,follows WARL semantics,REVIEW_NO_MODAL,yes,yes,no,,"newly discovered; likely duplicate: WARL field, usually covered by CSR field model"
machine.adoc,952,may do so for lower-level interrupts,MIDELEG_RO1_LOWER_LEVEL,no,NORM_CSR_WARL,bitmask,medium,may do so for lower-level interrupts,FRAGMENT,yes,no,no,,newly discovered
machine.adoc,1068,"If the stimecmp register is not implemented, STIP is writable in mip",STIMECMP_IMPLEMENTED,no,NORM_DIRECT,binary,high,If the stimecmp register is not implemented,FRAGMENT,yes,no,no,,newly discovered
supervisor.adoc,129,"When SXLEN=64, it is a *WARL* field that encodes the current value of UXLEN.",UXLEN_LEGAL_VALUES,no,NORM_CSR_WARL,set,medium,WARL field,FRAGMENT,no,yes,no,,"newly discovered; likely duplicate: WARL field, usually covered by CSR field model"
supervisor.adoc,175,SUM is read-only 0 if `satp`.MODE is read-only 0.,SSTATUS_SUM_ACCESS,no,NORM_CSR_RW,binary,high,read-only 0 if `satp`.MODE is read-only 0,FRAGMENT,no,no,no,,newly discovered
v-st-ext.adoc,98,the `mstatus.VS` field may exist even if `misa.V` is clear.,VSSTATUS_VS_EXISTS,yes,NORM_DIRECT,binary,high,may exist even if `misa.V` is clear,FRAGMENT,yes,no,no,,
zilsd.adoc,36,"Even if naturally aligned, the memory access might not be performed atomically.",ZILSD_NATURALLY_ALIGNED_ATOMIC,no,NORM_DIRECT,binary,medium,might not be performed atomically,FRAGMENT,yes,no,no,,newly discovered
